"_","Id","OwnerId","IsDeleted","Name","CurrencyIsoCode","CreatedDate","CreatedById","LastModifiedDate","LastModifiedById","SystemModstamp","MayEdit","IsLocked","LastViewedDate","LastReferencedDate","Campaign_Name__c","Category__c","Contact__c","Coupon_Code__c","Description__c","Product__c","Search_Term__c","Timestamp__c","Website_Action__c"
"[Engagement__c]","a2tKa000001HIskIAG","005Ka000005rLzpIAE","false","a2tKa000001HIsk","USD","2026-04-02T14:54:19.000+0000","005Ka000005rLzpIAE","2026-04-02T14:54:19.000+0000","005Ka000005rLzpIAE","2026-04-02T14:54:19.000+0000","true","false","","","Oil Change Special","Offer Applied","003Ka000042xbavIAA","OILFREE","Used Free Oil Filter","a2sKa000001AA4jIAG","","2026-03-24T11:45:00.000+0000",""
"[Engagement__c]","a2tKa000001HIslIAG","005Ka000005rLzpIAE","false","a2tKa000001HIsl","USD","2026-04-02T14:54:19.000+0000","005Ka000005rLzpIAE","2026-04-02T14:54:19.000+0000","005Ka000005rLzpIAE","2026-04-02T14:54:19.000+0000","true","false","","","","Website Interaction","003Ka000042xbb6IAA","","Searched for Wax","","Turtle Wax Ice","2026-03-24T13:10:00.000+0000","Search"
"[Engagement__c]","a2tKa000001HIsmIAG","005Ka000005rLzpIAE","false","a2tKa000001HIsm","USD","2026-04-02T14:54:19.000+0000","005Ka000005rLzpIAE","2026-04-02T14:54:19.000+0000","005Ka000005rLzpIAE","2026-04-02T14:54:19.000+0000","true","false","","","Holiday Dashcam Sale","Email Click","003Ka000042xbb8IAA","","Clicked Dashcam Bundle","a2sKa000001AA4fIAG","","2026-03-24T16:00:00.000+0000",""
"[Engagement__c]","a2tKa000001HIsnIAG","005Ka000005rLzpIAE","false","a2tKa000001HIsn","USD","2026-04-02T14:54:19.000+0000","005Ka000005rLzpIAE","2026-04-02T14:54:19.000+0000","005Ka000005rLzpIAE","2026-04-02T14:54:19.000+0000","true","false","","","Summer Tire Fest 2026","Website Interaction","003Ka000042xbb9IAA","","Added Michelin Pilot","a2sKa000001AA4cIAG","","2026-03-25T08:20:00.000+0000","Add to Cart"
"[Engagement__c]","a2tKa000001HIsoIAG","005Ka000005rLzpIAE","false","a2tKa000001HIso","USD","2026-04-02T14:54:19.000+0000","005Ka000005rLzpIAE","2026-04-02T14:54:19.000+0000","005Ka000005rLzpIAE","2026-04-02T14:54:19.000+0000","true","false","","","Car Care Essentials","Website Interaction","003Ka000042xbasIAA","","Viewed Gold Class","a2sKa000001AA4jIAG","","2026-03-25T10:40:00.000+0000","Product Click"
"[Engagement__c]","a2tKa000001HIspIAG","005Ka000005rLzpIAE","false","a2tKa000001HIsp","USD","2026-04-02T14:54:19.000+0000","005Ka000005rLzpIAE","2026-04-02T14:54:19.000+0000","005Ka000005rLzpIAE","2026-04-02T14:54:19.000+0000","true","false","","","","Website Interaction","003Ka000042xbatIAA","","Searched for Detail Kit","","Interior Detailer","2026-03-25T12:15:00.000+0000","Search"
"[Engagement__c]","a2tKa000001HIsqIAG","005Ka000005rLzpIAE","false","a2tKa000001HIsq","USD","2026-04-02T14:54:19.000+0000","005Ka000005rLzpIAE","2026-04-02T14:54:19.000+0000","005Ka000005rLzpIAE","2026-04-02T14:54:19.000+0000","true","false","","","Re-engagement Wave","Email Click","003Ka000043GpbUIAS","","Opened Re-engage Mail","","","2026-03-25T14:30:00.000+0000",""
"[Engagement__c]","a2tKa000001HIsrIAG","005Ka000005rLzpIAE","false","a2tKa000001HIsr","USD","2026-04-02T14:54:19.000+0000","005Ka000005rLzpIAE","2026-04-02T14:54:19.000+0000","005Ka000005rLzpIAE","2026-04-02T14:54:19.000+0000","true","false","","","Audio Upgrade Month","Offer Applied","003Ka000043GpbVIAS","TECH25","Applied Audio Discount","a2sKa000001AA4cIAG","","2026-03-25T17:00:00.000+0000",""
"[Engagement__c]","a2tKa000001HIssIAG","005Ka000005rLzpIAE","false","a2tKa000001HIss","USD","2026-04-02T14:54:19.000+0000","005Ka000005rLzpIAE","2026-04-02T14:54:19.000+0000","005Ka000005rLzpIAE","2026-04-02T14:54:19.000+0000","true","false","","","","Website Interaction","003Ka000043GpbWIAS","","Viewed Shipping FAQ","","","2026-03-26T08:50:00.000+0000","Page View"
"[Engagement__c]","a2tKa000001HIstIAG","005Ka000005rLzpIAE","false","a2tKa000001HIst","USD","2026-04-02T14:54:19.000+0000","005Ka000005rLzpIAE","2026-04-02T14:54:19.000+0000","005Ka000005rLzpIAE","2026-04-02T14:54:19.000+0000","true","false","","","Summer Tire Fest 2026","Website Interaction","003Ka000043GpbXIAS","","Viewed Bridgestone","a2sKa000001AA4kIAG","","2026-03-26T10:15:00.000+0000","Product Click"
"[Engagement__c]","a2tKa000001HIsuIAG","005Ka000005rLzpIAE","false","a2tKa000001HIsu","USD","2026-04-02T14:54:19.000+0000","005Ka000005rLzpIAE","2026-04-02T14:54:19.000+0000","005Ka000005rLzpIAE","2026-04-02T14:54:19.000+0000","true","false","","","","Website Interaction","003Ka000043GpbYIAS","","Searched for Audio Kit","","Dash Install Kit","2026-03-26T11:40:00.000+0000","Search"
"[Engagement__c]","a2tKa000001HIsvIAG","005Ka000005rLzpIAE","false","a2tKa000001HIsv","USD","2026-04-02T14:54:19.000+0000","005Ka000005rLzpIAE","2026-04-02T14:54:19.000+0000","005Ka000005rLzpIAE","2026-04-02T14:54:19.000+0000","true","false","","","Oil Change Special","Email Click","003Ka000043GpbZIAS","","Clicked Mobil 1 Link","a2sKa000001AA4jIAG","","2026-03-26T13:20:00.000+0000",""
"[Engagement__c]","a2tKa000001HIswIAG","005Ka000005rLzpIAE","false","a2tKa000001HIsw","USD","2026-04-02T14:54:19.000+0000","005Ka000005rLzpIAE","2026-04-02T14:54:19.000+0000","005Ka000005rLzpIAE","2026-04-02T14:54:19.000+0000","true","false","","","","Website Interaction","003Ka000043GpbaIAC","","Added Floor Mats","a2sKa000001AA4fIAG","","2026-03-26T15:00:00.000+0000","Add to Cart"
"[Engagement__c]","a2tKa000001HIsxIAG","005Ka000005rLzpIAE","false","a2tKa000001HIsx","USD","2026-04-02T14:54:19.000+0000","005Ka000005rLzpIAE","2026-04-02T14:54:19.000+0000","005Ka000005rLzpIAE","2026-04-02T14:54:19.000+0000","true","false","","","Car Care Essentials","Offer Applied","003Ka000043GpbbIAC","WASH5","Applied Cleaning Promo","","","2026-03-26T16:30:00.000+0000",""
"[Engagement__c]","a2tKa000001HIsyIAG","005Ka000005rLzpIAE","false","a2tKa000001HIsy","USD","2026-04-02T14:54:19.000+0000","005Ka000005rLzpIAE","2026-04-02T14:54:19.000+0000","005Ka000005rLzpIAE","2026-04-02T14:54:19.000+0000","true","false","","","Winter Readiness","Website Interaction","003Ka000043GpbcIAC","","Viewed Pressure Tool","a2sKa000001AA4cIAG","","2026-03-27T08:10:00.000+0000","Product Click"
"[Engagement__c]","a2tKa000001HIszIAG","005Ka000005rLzpIAE","false","a2tKa000001HIsz","USD","2026-04-02T14:54:19.000+0000","005Ka000005rLzpIAE","2026-04-02T14:54:19.000+0000","005Ka000005rLzpIAE","2026-04-02T14:54:19.000+0000","true","false","","","","Website Interaction","003Ka000043GpbdIAC","","Searched for Tires","","All Season 205/55","2026-03-27T09:40:00.000+0000","Search"
"[Engagement__c]","a2tKa000001HIt0IAG","005Ka000005rLzpIAE","false","a2tKa000001HIt0","USD","2026-04-02T14:54:19.000+0000","005Ka000005rLzpIAE","2026-04-02T14:54:19.000+0000","005Ka000005rLzpIAE","2026-04-02T14:54:19.000+0000","true","false","","","","Website Interaction","003Ka000043GpbeIAC","","Viewed Warranty","","","2026-03-27T11:00:00.000+0000","Page View"
"[Engagement__c]","a2tKa000001HIt1IAG","005Ka000005rLzpIAE","false","a2tKa000001HIt1","USD","2026-04-02T14:54:19.000+0000","005Ka000005rLzpIAE","2026-04-02T14:54:19.000+0000","005Ka000005rLzpIAE","2026-04-02T14:54:19.000+0000","true","false","","","Re-engagement Wave","Email Click","003Ka000043GpbfIAC","","Opened Loyalty Update","","","2026-03-27T13:20:00.000+0000",""
"[Engagement__c]","a2tKa000001HIt2IAG","005Ka000005rLzpIAE","false","a2tKa000001HIt2","USD","2026-04-02T14:54:19.000+0000","005Ka000005rLzpIAE","2026-04-02T14:54:19.000+0000","005Ka000005rLzpIAE","2026-04-02T14:54:19.000+0000","true","false","","","Summer Tire Fest 2026","Website Interaction","003Ka000043GpbgIAC","","Viewed Defender","a2sKa000001AA4cIAG","","2026-03-27T15:45:00.000+0000","Product Click"
"[Engagement__c]","a2tKa000001HIt3IAG","005Ka000005rLzpIAE","false","a2tKa000001HIt3","USD","2026-04-02T14:54:19.000+0000","005Ka000005rLzpIAE","2026-04-02T14:54:19.000+0000","005Ka000005rLzpIAE","2026-04-02T14:54:19.000+0000","true","false","","","Oil Change Special","Offer Applied","003Ka000043GpbhIAC","OIL5","Applied Oil Promo","a2sKa000001AA4jIAG","","2026-03-28T09:10:00.000+0000",""
"[Engagement__c]","a2tKa000001HIt4IAG","005Ka000005rLzpIAE","false","a2tKa000001HIt4","USD","2026-04-02T14:54:19.000+0000","005Ka000005rLzpIAE","2026-04-02T14:54:19.000+0000","005Ka000005rLzpIAE","2026-04-02T14:54:19.000+0000","true","false","","","","Website Interaction","003Ka000042xbb7IAA","","Searched for Marine Audio","","Bluetooth Marine","2026-03-28T10:30:00.000+0000","Search"
"[Engagement__c]","a2tKa000001HIt5IAG","005Ka000005rLzpIAE","false","a2tKa000001HIt5","USD","2026-04-02T14:54:19.000+0000","005Ka000005rLzpIAE","2026-04-02T14:54:19.000+0000","005Ka000005rLzpIAE","2026-04-02T14:54:19.000+0000","true","false","","","Summer Tire Fest 2026","Website Interaction","003Ka000042xbauIAA","","Added Goodyear to Cart","a2sKa000001AA4kIAG","","2026-03-28T12:00:00.000+0000","Add to Cart"
"[Engagement__c]","a2tKa000001HIt6IAG","005Ka000005rLzpIAE","false","a2tKa000001HIt6","USD","2026-04-02T14:54:19.000+0000","005Ka000005rLzpIAE","2026-04-02T14:54:19.000+0000","005Ka000005rLzpIAE","2026-04-02T14:54:19.000+0000","true","false","","","","Website Interaction","003Ka000042xbavIAA","","Viewed Tech Blog","","","2026-03-28T14:15:00.000+0000","Page View"
"[Engagement__c]","a2tKa000001HIt7IAG","005Ka000005rLzpIAE","false","a2tKa000001HIt7","USD","2026-04-02T14:54:19.000+0000","005Ka000005rLzpIAE","2026-04-02T14:54:19.000+0000","005Ka000005rLzpIAE","2026-04-02T14:54:19.000+0000","true","false","","","Seasonal Catalog","Email Click","003Ka000042xbb6IAA","","Clicked Spring Car Care","","","2026-03-28T16:40:00.000+0000",""
"[Engagement__c]","a2tKa000001HIt8IAG","005Ka000005rLzpIAE","false","a2tKa000001HIt8","USD","2026-04-02T14:54:19.000+0000","005Ka000005rLzpIAE","2026-04-02T14:54:19.000+0000","005Ka000005rLzpIAE","2026-04-02T14:54:19.000+0000","true","false","","","Holiday Dashcam Sale","Website Interaction","003Ka000042xbb8IAA","","Viewed Thinkware Cam","a2sKa000001AA4fIAG","","2026-03-29T08:50:00.000+0000","Product Click"
"[Engagement__c]","a2tKa000001HIt9IAG","005Ka000005rLzpIAE","false","a2tKa000001HIt9","USD","2026-04-02T14:54:19.000+0000","005Ka000005rLzpIAE","2026-04-02T14:54:19.000+0000","005Ka000005rLzpIAE","2026-04-02T14:54:19.000+0000","true","false","","","","Website Interaction","003Ka000042xbb9IAA","","Searched for Tire Rack","","Wall Mount Rack","2026-03-29T10:15:00.000+0000","Search"
"[Engagement__c]","a2tKa000001HItAIAW","005Ka000005rLzpIAE","false","a2tKa000001HItA","USD","2026-04-02T14:54:19.000+0000","005Ka000005rLzpIAE","2026-04-02T14:54:19.000+0000","005Ka000005rLzpIAE","2026-04-02T14:54:19.000+0000","true","false","","","Car Care Essentials","Offer Applied","003Ka000042xbasIAA","SHINE50","Used Wash BOGO","a2sKa000001AA4jIAG","","2026-03-29T12:30:00.000+0000",""
"[Engagement__c]","a2tKa000001HItBIAW","005Ka000005rLzpIAE","false","a2tKa000001HItB","USD","2026-04-02T14:54:19.000+0000","005Ka000005rLzpIAE","2026-04-02T14:54:19.000+0000","005Ka000005rLzpIAE","2026-04-02T14:54:19.000+0000","true","false","","","Car Care Essentials","Website Interaction","003Ka000042xbatIAA","","Added Kit to Cart","a2sKa000001AA4jIAG","","2026-03-29T15:00:00.000+0000","Add to Cart"
"[Engagement__c]","a2tKa000001HItCIAW","005Ka000005rLzpIAE","false","a2tKa000001HItC","USD","2026-04-02T14:54:19.000+0000","005Ka000005rLzpIAE","2026-04-02T14:54:19.000+0000","005Ka000005rLzpIAE","2026-04-02T14:54:19.000+0000","true","false","","","","Website Interaction","003Ka000043GpbUIAS","","Viewed Wholesale Info","","","2026-03-29T17:10:00.000+0000","Page View"
"[Engagement__c]","a2tKa000001HItDIAW","005Ka000005rLzpIAE","false","a2tKa000001HItD","USD","2026-04-02T14:54:19.000+0000","005Ka000005rLzpIAE","2026-04-02T14:54:19.000+0000","005Ka000005rLzpIAE","2026-04-02T14:54:19.000+0000","true","false","","","","Website Interaction","003Ka000043GpbVIAS","","Searched for Amp","","4-Channel Amp","2026-03-30T08:45:00.000+0000","Search"
"[Engagement__c]","a2tKa000001HItEIAW","005Ka000005rLzpIAE","false","a2tKa000001HItE","USD","2026-04-02T14:54:19.000+0000","005Ka000005rLzpIAE","2026-04-02T14:54:19.000+0000","005Ka000005rLzpIAE","2026-04-02T14:54:19.000+0000","true","false","","","Holiday Dashcam Sale","Email Click","003Ka000043GpbWIAS","","Clicked Dashcam Night","a2sKa000001AA4fIAG","","2026-03-30T10:00:00.000+0000",""
"[Engagement__c]","a2tKa000001HItFIAW","005Ka000005rLzpIAE","false","a2tKa000001HItF","USD","2026-04-02T14:54:19.000+0000","005Ka000005rLzpIAE","2026-04-02T14:54:19.000+0000","005Ka000005rLzpIAE","2026-04-02T14:54:19.000+0000","true","false","","","Summer Tire Fest 2026","Website Interaction","003Ka000043GpbXIAS","","Viewed Michelin Specs","a2sKa000001AA4cIAG","","2026-03-30T11:20:00.000+0000","Product Click"
"[Engagement__c]","a2tKa000001HItGIAW","005Ka000005rLzpIAE","false","a2tKa000001HItG","USD","2026-04-02T14:54:19.000+0000","005Ka000005rLzpIAE","2026-04-02T14:54:19.000+0000","005Ka000005rLzpIAE","2026-04-02T14:54:19.000+0000","true","false","","","Audio Upgrade Month","Offer Applied","003Ka000043GpbYIAS","TECH10","Used Tech Promo","a2sKa000001AA4cIAG","","2026-03-30T13:45:00.000+0000",""
"[Engagement__c]","a2tKa000001HItHIAW","005Ka000005rLzpIAE","false","a2tKa000001HItH","USD","2026-04-02T14:54:19.000+0000","005Ka000005rLzpIAE","2026-04-02T14:54:19.000+0000","005Ka000005rLzpIAE","2026-04-02T14:54:19.000+0000","true","false","","","","Website Interaction","003Ka000043GpbZIAS","","Searched for Castrol","","Edge 5W-20","2026-03-30T15:10:00.000+0000","Search"
"[Engagement__c]","a2tKa000001HItIIAW","005Ka000005rLzpIAE","false","a2tKa000001HItI","USD","2026-04-02T14:54:19.000+0000","005Ka000005rLzpIAE","2026-04-02T14:54:19.000+0000","005Ka000005rLzpIAE","2026-04-02T14:54:19.000+0000","true","false","","","","Website Interaction","003Ka000043GpbaIAC","","Viewed Careers Page","","","2026-03-31T09:00:00.000+0000","Page View"
"[Engagement__c]","a2tKa000001HIq5IAG","005Ka000005rLzpIAE","false","a2tKa000001HIq5","USD","2026-04-02T14:54:19.000+0000","005Ka000005rLzpIAE","2026-04-02T14:54:19.000+0000","005Ka000005rLzpIAE","2026-04-02T14:54:19.000+0000","true","false","2026-04-06T18:00:32.000+0000","2026-04-06T18:00:32.000+0000","","Website Interaction","003Ka000043GpbCIAS","","Viewed Under-car Light","","","2026-05-04T10:45:00.000+0000","Product Click"
"[Engagement__c]","a2tKa000001HIq6IAG","005Ka000005rLzpIAE","false","a2tKa000001HIq6","USD","2026-04-02T14:54:19.000+0000","005Ka000005rLzpIAE","2026-04-02T14:54:19.000+0000","005Ka000005rLzpIAE","2026-04-02T14:54:19.000+0000","true","false","2026-04-06T18:05:21.000+0000","2026-04-06T18:05:21.000+0000","Oil Change Special","Offer Applied","003Ka000043GpbDIAS","OILFREE","Used Free Oil Filter","a2sKa000001AA4jIAG","","2026-05-04T13:10:00.000+0000",""
"[Engagement__c]","a2tKa000001HIq7IAG","005Ka000005rLzpIAE","false","a2tKa000001HIq7","USD","2026-04-02T14:54:19.000+0000","005Ka000005rLzpIAE","2026-04-02T14:54:19.000+0000","005Ka000005rLzpIAE","2026-04-02T14:54:19.000+0000","true","false","","","Audio Upgrade Month","Offer Applied","003Ka000043GpbYIAS","TECH25","Applied Audio Promo","a2sKa000001AA4cIAG","","2026-04-29T16:20:00.000+0000",""
"[Engagement__c]","a2tKa000001HIq8IAG","005Ka000005rLzpIAE","false","a2tKa000001HIq8","USD","2026-04-02T14:54:19.000+0000","005Ka000005rLzpIAE","2026-04-02T14:54:19.000+0000","005Ka000005rLzpIAE","2026-04-02T14:54:19.000+0000","true","false","","","Oil Change Special","Website Interaction","003Ka000043GpbZIAS","","Viewed Castrol Edge","a2sKa000001AA4jIAG","","2026-04-30T08:30:00.000+0000","Product Click"
"[Engagement__c]","a2tKa000001HIq9IAG","005Ka000005rLzpIAE","false","a2tKa000001HIq9","USD","2026-04-02T14:54:19.000+0000","005Ka000005rLzpIAE","2026-04-02T14:54:19.000+0000","005Ka000005rLzpIAE","2026-04-02T14:54:19.000+0000","true","false","","","","Website Interaction","003Ka000043GpbaIAC","","Added Tesla Cover","a2sKa000001AA4fIAG","","2026-04-30T10:15:00.000+0000","Add to Cart"
"[Engagement__c]","a2tKa000001HIqAIAW","005Ka000005rLzpIAE","false","a2tKa000001HIqA","USD","2026-04-02T14:54:19.000+0000","005Ka000005rLzpIAE","2026-04-02T14:54:19.000+0000","005Ka000005rLzpIAE","2026-04-02T14:54:19.000+0000","true","false","","","","Website Interaction","003Ka000043GpbbIAC","","Searched for Tire Wet","","High Gloss Gel","2026-04-30T13:40:00.000+0000","Search"
"[Engagement__c]","a2tKa000001HIqBIAW","005Ka000005rLzpIAE","false","a2tKa000001HIqB","USD","2026-04-02T14:54:19.000+0000","005Ka000005rLzpIAE","2026-04-02T14:54:19.000+0000","005Ka000005rLzpIAE","2026-04-02T14:54:19.000+0000","true","false","","","Summer Tire Fest 2026","Offer Applied","003Ka000043GpbcIAC","TIRE10","Used Tire Discount","a2sKa000001AA4cIAG","","2026-04-30T16:00:00.000+0000",""
"[Engagement__c]","a2tKa000001HIqCIAW","005Ka000005rLzpIAE","false","a2tKa000001HIqC","USD","2026-04-02T14:54:19.000+0000","005Ka000005rLzpIAE","2026-04-02T14:54:19.000+0000","005Ka000005rLzpIAE","2026-04-02T14:54:19.000+0000","true","false","","","Re-engagement Wave","Email Click","003Ka000043GpbdIAC","","Opened May Rewards","","","2026-05-01T09:00:00.000+0000",""
"[Engagement__c]","a2tKa000001HIqDIAW","005Ka000005rLzpIAE","false","a2tKa000001HIqD","USD","2026-04-02T14:54:19.000+0000","005Ka000005rLzpIAE","2026-04-02T14:54:19.000+0000","005Ka000005rLzpIAE","2026-04-02T14:54:19.000+0000","true","false","","","Audio Upgrade Month","Website Interaction","003Ka000043GpbeIAC","","Viewed Sony Bundle","a2sKa000001AA4cIAG","","2026-05-01T11:20:00.000+0000","Product Click"
"[Engagement__c]","a2tKa000001HIqEIAW","005Ka000005rLzpIAE","false","a2tKa000001HIqE","USD","2026-04-02T14:54:19.000+0000","005Ka000005rLzpIAE","2026-04-02T14:54:19.000+0000","005Ka000005rLzpIAE","2026-04-02T14:54:19.000+0000","true","false","","","Holiday Dashcam Sale","Offer Applied","003Ka000043GpbfIAC","TECH25","Used Tech Promo","a2sKa000001AA4fIAG","","2026-05-01T14:45:00.000+0000",""
"[Engagement__c]","a2tKa000001HIqFIAW","005Ka000005rLzpIAE","false","a2tKa000001HIqF","USD","2026-04-02T14:54:19.000+0000","005Ka000005rLzpIAE","2026-04-02T14:54:19.000+0000","005Ka000005rLzpIAE","2026-04-02T14:54:19.000+0000","true","false","","","Summer Tire Fest 2026","Email Click","003Ka000043GpbXIAS","","Clicked Tire FAQ","a2sKa000001AA4cIAG","","2026-04-29T14:00:00.000+0000",""
"[Engagement__c]","a2tKa000001HIqGIAW","005Ka000005rLzpIAE","false","a2tKa000001HIqG","USD","2026-04-02T14:54:19.000+0000","005Ka000005rLzpIAE","2026-04-02T14:54:19.000+0000","005Ka000005rLzpIAE","2026-04-02T14:54:19.000+0000","true","false","","","","Website Interaction","003Ka000043GpbgIAC","","Searched for Compound","","Rubbing Compound","2026-05-01T17:10:00.000+0000","Search"
"[Engagement__c]","a2tKa000001HIqHIAW","005Ka000005rLzpIAE","false","a2tKa000001HIqH","USD","2026-04-02T14:54:19.000+0000","005Ka000005rLzpIAE","2026-04-02T14:54:19.000+0000","005Ka000005rLzpIAE","2026-04-02T14:54:19.000+0000","true","false","","","Oil Change Special","Website Interaction","003Ka000043GpbhIAC","","Viewed Oil Capacity","a2sKa000001AA4jIAG","","2026-05-02T08:15:00.000+0000","Page View"
"[Engagement__c]","a2tKa000001HIqIIAW","005Ka000005rLzpIAE","false","a2tKa000001HIqI","USD","2026-04-02T14:54:19.000+0000","005Ka000005rLzpIAE","2026-04-02T14:54:19.000+0000","005Ka000005rLzpIAE","2026-04-02T14:54:19.000+0000","true","false","","","Audio Upgrade Month","Offer Applied","003Ka000042xbb7IAA","TECH10","Applied Tech Promo","a2sKa000001AA4cIAG","","2026-05-02T10:30:00.000+0000",""
"[Engagement__c]","a2tKa000001HIqJIAW","005Ka000005rLzpIAE","false","a2tKa000001HIqJ","USD","2026-04-02T14:54:19.000+0000","005Ka000005rLzpIAE","2026-04-02T14:54:19.000+0000","005Ka000005rLzpIAE","2026-04-02T14:54:19.000+0000","true","false","","","","Website Interaction","003Ka000043GpbCIAS","","Viewed 3-Ton Jack","","","2026-04-24T13:20:00.000+0000","Product Click"
"[Engagement__c]","a2tKa000001HIqKIAW","005Ka000005rLzpIAE","false","a2tKa000001HIqK","USD","2026-04-02T14:54:19.000+0000","005Ka000005rLzpIAE","2026-04-02T14:54:19.000+0000","005Ka000005rLzpIAE","2026-04-02T14:54:19.000+0000","true","false","","","","Website Interaction","003Ka000043GpbDIAS","","Searched for Filter","","0W-20 Filter","2026-04-24T15:00:00.000+0000","Search"
"[Engagement__c]","a2tKa000001HIqLIAW","005Ka000005rLzpIAE","false","a2tKa000001HIqL","USD","2026-04-02T14:54:19.000+0000","005Ka000005rLzpIAE","2026-04-02T14:54:19.000+0000","005Ka000005rLzpIAE","2026-04-02T14:54:19.000+0000","true","false","","","Holiday Dashcam Sale","Email Click","003Ka000043GpbEIAS","","Opened Tech Review","a2sKa000001AA4fIAG","","2026-04-25T09:10:00.000+0000",""
"[Engagement__c]","a2tKa000001HIqMIAW","005Ka000005rLzpIAE","false","a2tKa000001HIqM","USD","2026-04-02T14:54:19.000+0000","005Ka000005rLzpIAE","2026-04-02T14:54:19.000+0000","005Ka000005rLzpIAE","2026-04-02T14:54:19.000+0000","true","false","","","Oil Change Special","Offer Applied","003Ka000043GpbFIAS","OIL5","Applied Oil Promo","a2sKa000001AA4jIAG","","2026-04-25T11:30:00.000+0000",""
"[Engagement__c]","a2tKa000001HIqNIAW","005Ka000005rLzpIAE","false","a2tKa000001HIqN","USD","2026-04-02T14:54:19.000+0000","005Ka000005rLzpIAE","2026-04-02T14:54:19.000+0000","005Ka000005rLzpIAE","2026-04-02T14:54:19.000+0000","true","false","","","","Website Interaction","003Ka000043GpbGIAS","","Added Lug Nuts","","","2026-04-25T14:15:00.000+0000","Add to Cart"
"[Engagement__c]","a2tKa000001HIqOIAW","005Ka000005rLzpIAE","false","a2tKa000001HIqO","USD","2026-04-02T14:54:19.000+0000","005Ka000005rLzpIAE","2026-04-02T14:54:19.000+0000","005Ka000005rLzpIAE","2026-04-02T14:54:19.000+0000","true","false","","","","Website Interaction","003Ka000042xbavIAA","","Searched for Clay","","Synthetic Clay Mitt","2026-05-02T15:45:00.000+0000","Search"
"[Engagement__c]","a2tKa000001HIqPIAW","005Ka000005rLzpIAE","false","a2tKa000001HIqP","USD","2026-04-02T14:54:19.000+0000","005Ka000005rLzpIAE","2026-04-02T14:54:19.000+0000","005Ka000005rLzpIAE","2026-04-02T14:54:19.000+0000","true","false","","","Car Care Essentials","Website Interaction","003Ka000042xbb6IAA","","Viewed Wheel Brush","","","2026-05-03T09:10:00.000+0000","Product Click"
"[Engagement__c]","a2tKa000001HIqQIAW","005Ka000005rLzpIAE","false","a2tKa000001HIqQ","USD","2026-04-02T14:54:19.000+0000","005Ka000005rLzpIAE","2026-04-02T14:54:19.000+0000","005Ka000005rLzpIAE","2026-04-02T14:54:19.000+0000","true","false","","","Holiday Dashcam Sale","Offer Applied","003Ka000042xbb8IAA","TECH25","Applied Tech Discount","a2sKa000001AA4fIAG","","2026-05-03T11:00:00.000+0000",""
"[Engagement__c]","a2tKa000001HIqRIAW","005Ka000005rLzpIAE","false","a2tKa000001HIqR","USD","2026-04-02T14:54:19.000+0000","005Ka000005rLzpIAE","2026-04-02T14:54:19.000+0000","005Ka000005rLzpIAE","2026-04-02T14:54:19.000+0000","true","false","","","","Website Interaction","003Ka000042xbb9IAA","","Searched for Spacers","","15mm Hubcentric","2026-05-03T13:45:00.000+0000","Search"
"[Engagement__c]","a2tKa000001HIqSIAW","005Ka000005rLzpIAE","false","a2tKa000001HIqS","USD","2026-04-02T14:54:19.000+0000","005Ka000005rLzpIAE","2026-04-02T14:54:19.000+0000","005Ka000005rLzpIAE","2026-04-02T14:54:19.000+0000","true","false","","","Summer Tire Fest 2026","Email Click","003Ka000042xbauIAA","","Clicked Turanza Deal","a2sKa000001AA4kIAG","","2026-05-02T13:20:00.000+0000",""
"[Engagement__c]","a2tKa000001HIqTIAW","005Ka000005rLzpIAE","false","a2tKa000001HIqT","USD","2026-04-02T14:54:19.000+0000","005Ka000005rLzpIAE","2026-04-02T14:54:19.000+0000","005Ka000005rLzpIAE","2026-04-02T14:54:19.000+0000","true","false","2026-04-06T18:02:02.000+0000","2026-04-06T18:02:02.000+0000","Car Care Essentials","Website Interaction","003Ka000042xbasIAA","","Added Wax Foam to Cart","a2sKa000001AA4jIAG","","2026-05-03T16:20:00.000+0000","Add to Cart"
"[Engagement__c]","a2tKa000001HIqUIAW","005Ka000005rLzpIAE","false","a2tKa000001HIqU","USD","2026-04-02T14:54:19.000+0000","005Ka000005rLzpIAE","2026-04-02T14:54:19.000+0000","005Ka000005rLzpIAE","2026-04-02T14:54:19.000+0000","true","false","","","Seasonal Catalog","Email Click","003Ka000042xbatIAA","","Opened Detail Catalog","","","2026-05-04T08:30:00.000+0000",""
"[Engagement__c]","a2tKa000001HIqVIAW","005Ka000005rLzpIAE","false","a2tKa000001HIqV","USD","2026-04-02T14:54:19.000+0000","005Ka000005rLzpIAE","2026-04-02T14:54:19.000+0000","005Ka000005rLzpIAE","2026-04-02T14:54:19.000+0000","true","false","","","","Website Interaction","003Ka000042xbb7IAA","","Searched for Coolant","","G12 Antifreeze","2026-04-22T14:45:00.000+0000","Search"
"[Engagement__c]","a2tKa000001HIqWIAW","005Ka000005rLzpIAE","false","a2tKa000001HIqW","USD","2026-04-02T14:54:19.000+0000","005Ka000005rLzpIAE","2026-04-02T14:54:19.000+0000","005Ka000005rLzpIAE","2026-04-02T14:54:19.000+0000","true","false","","","Summer Tire Fest 2026","Website Interaction","003Ka000042xbauIAA","","Viewed Turanza Quiet","a2sKa000001AA4kIAG","","2026-04-22T16:30:00.000+0000","Product Click"
"[Engagement__c]","a2tKa000001HIqXIAW","005Ka000005rLzpIAE","false","a2tKa000001HIqX","USD","2026-04-02T14:54:19.000+0000","005Ka000005rLzpIAE","2026-04-02T14:54:19.000+0000","005Ka000005rLzpIAE","2026-04-02T14:54:19.000+0000","true","false","","","Oil Change Special","Offer Applied","003Ka000042xbavIAA","OILFREE","Used Free Filter","a2sKa000001AA4jIAG","","2026-04-23T09:15:00.000+0000",""
"[Engagement__c]","a2tKa000001HIqYIAW","005Ka000005rLzpIAE","false","a2tKa000001HIqY","USD","2026-04-02T14:54:19.000+0000","005Ka000005rLzpIAE","2026-04-02T14:54:19.000+0000","005Ka000005rLzpIAE","2026-04-02T14:54:19.000+0000","true","false","","","Car Care Essentials","Email Click","003Ka000042xbb6IAA","","Clicked Polish Guide","","","2026-04-23T11:00:00.000+0000",""
"[Engagement__c]","a2tKa000001HIqZIAW","005Ka000005rLzpIAE","false","a2tKa000001HIqZ","USD","2026-04-02T14:54:19.000+0000","005Ka000005rLzpIAE","2026-04-02T14:54:19.000+0000","005Ka000005rLzpIAE","2026-04-02T14:54:19.000+0000","true","false","","","Holiday Dashcam Sale","Website Interaction","003Ka000042xbb8IAA","","Added Mirror Mount","a2sKa000001AA4fIAG","","2026-04-23T13:45:00.000+0000","Add to Cart"
"[Engagement__c]","a2tKa000001HIqaIAG","005Ka000005rLzpIAE","false","a2tKa000001HIqa","USD","2026-04-02T14:54:19.000+0000","005Ka000005rLzpIAE","2026-04-02T14:54:19.000+0000","005Ka000005rLzpIAE","2026-04-02T14:54:19.000+0000","true","false","","","","Website Interaction","003Ka000042xbb9IAA","","Viewed DIY Install","","","2026-04-23T16:00:00.000+0000","Page View"
"[Engagement__c]","a2tKa000001HIqbIAG","005Ka000005rLzpIAE","false","a2tKa000001HIqb","USD","2026-04-02T14:54:19.000+0000","005Ka000005rLzpIAE","2026-04-02T14:54:19.000+0000","005Ka000005rLzpIAE","2026-04-02T14:54:19.000+0000","true","false","","","","Website Interaction","003Ka000042xbasIAA","","Searched for Foam","","Snow Foam Cannon","2026-04-24T08:30:00.000+0000","Search"
"[Engagement__c]","a2tKa000001HIqcIAG","005Ka000005rLzpIAE","false","a2tKa000001HIqc","USD","2026-04-02T14:54:19.000+0000","005Ka000005rLzpIAE","2026-04-02T14:54:19.000+0000","005Ka000005rLzpIAE","2026-04-02T14:54:19.000+0000","true","false","","","Car Care Essentials","Offer Applied","003Ka000042xbatIAA","WASH5","Applied Wash Promo","","","2026-04-24T10:45:00.000+0000",""
"[Engagement__c]","a2tKa000001HIqdIAG","005Ka000005rLzpIAE","false","a2tKa000001HIqd","USD","2026-04-02T14:54:19.000+0000","005Ka000005rLzpIAE","2026-04-02T14:54:19.000+0000","005Ka000005rLzpIAE","2026-04-02T14:54:19.000+0000","true","false","","","Audio Upgrade Month","Website Interaction","003Ka000043GpbHIAS","","Viewed Sub Wiring","a2sKa000001AA4cIAG","","2026-04-25T16:40:00.000+0000","Page View"
"[Engagement__c]","a2tKa000001HIqeIAG","005Ka000005rLzpIAE","false","a2tKa000001HIqe","USD","2026-04-02T14:54:19.000+0000","005Ka000005rLzpIAE","2026-04-02T14:54:19.000+0000","005Ka000005rLzpIAE","2026-04-02T14:54:19.000+0000","true","false","","","","Website Interaction","003Ka000043GpbIIAS","","Searched for Mitt","","Microfiber Mitt","2026-04-26T08:20:00.000+0000","Search"
"[Engagement__c]","a2tKa000001HIqfIAG","005Ka000005rLzpIAE","false","a2tKa000001HIqf","USD","2026-04-02T14:54:19.000+0000","005Ka000005rLzpIAE","2026-04-02T14:54:19.000+0000","005Ka000005rLzpIAE","2026-04-02T14:54:19.000+0000","true","false","","","Audio Upgrade Month","Offer Applied","003Ka000043GpbJIAS","TECH10","Applied Audio Promo","a2sKa000001AA4cIAG","","2026-04-26T10:00:00.000+0000",""
"[Engagement__c]","a2tKa000001HIqgIAG","005Ka000005rLzpIAE","false","a2tKa000001HIqg","USD","2026-04-02T14:54:19.000+0000","005Ka000005rLzpIAE","2026-04-02T14:54:19.000+0000","005Ka000005rLzpIAE","2026-04-02T14:54:19.000+0000","true","false","","","Oil Change Special","Website Interaction","003Ka000043GpbKIAS","","Viewed Full Synthetic","a2sKa000001AA4jIAG","","2026-04-26T12:45:00.000+0000","Product Click"
"[Engagement__c]","a2tKa000001HIqhIAG","005Ka000005rLzpIAE","false","a2tKa000001HIqh","USD","2026-04-02T14:54:19.000+0000","005Ka000005rLzpIAE","2026-04-02T14:54:19.000+0000","005Ka000005rLzpIAE","2026-04-02T14:54:19.000+0000","true","false","","","Car Care Essentials","Email Click","003Ka000043GpbLIAS","","Clicked Wiper Promo","","","2026-04-26T15:20:00.000+0000",""
"[Engagement__c]","a2tKa000001HIqiIAG","005Ka000005rLzpIAE","false","a2tKa000001HIqi","USD","2026-04-02T14:54:19.000+0000","005Ka000005rLzpIAE","2026-04-02T14:54:19.000+0000","005Ka000005rLzpIAE","2026-04-02T14:54:19.000+0000","true","false","","","","Website Interaction","003Ka000043GpbMIAS","","Searched for Rims","","Satin Black Rims","2026-04-27T09:15:00.000+0000","Search"
"[Engagement__c]","a2tKa000001HIqjIAG","005Ka000005rLzpIAE","false","a2tKa000001HIqj","USD","2026-04-02T14:54:19.000+0000","005Ka000005rLzpIAE","2026-04-02T14:54:19.000+0000","005Ka000005rLzpIAE","2026-04-02T14:54:19.000+0000","true","false","","","Car Care Essentials","Offer Applied","003Ka000043GpbNIAS","SHINE50","Applied Shine BOGO","a2sKa000001AA4jIAG","","2026-04-27T11:00:00.000+0000",""
"[Engagement__c]","a2tKa000001HIqkIAG","005Ka000005rLzpIAE","false","a2tKa000001HIqk","USD","2026-04-02T14:54:19.000+0000","005Ka000005rLzpIAE","2026-04-02T14:54:19.000+0000","005Ka000005rLzpIAE","2026-04-02T14:54:19.000+0000","true","false","","","Audio Upgrade Month","Website Interaction","003Ka000043GpbOIAS","","Added 4-Gauge Kit","a2sKa000001AA4cIAG","","2026-04-27T13:30:00.000+0000","Add to Cart"
"[Engagement__c]","a2tKa000001HIqlIAG","005Ka000005rLzpIAE","false","a2tKa000001HIql","USD","2026-04-02T14:54:19.000+0000","005Ka000005rLzpIAE","2026-04-02T14:54:19.000+0000","005Ka000005rLzpIAE","2026-04-02T14:54:19.000+0000","true","false","","","Holiday Dashcam Sale","Website Interaction","003Ka000043GpbPIAS","","Viewed Rear Dashcam","a2sKa000001AA4fIAG","","2026-04-27T15:45:00.000+0000","Product Click"
"[Engagement__c]","a2tKa000001HIqmIAG","005Ka000005rLzpIAE","false","a2tKa000001HIqm","USD","2026-04-02T14:54:19.000+0000","005Ka000005rLzpIAE","2026-04-02T14:54:19.000+0000","005Ka000005rLzpIAE","2026-04-02T14:54:19.000+0000","true","false","","","Summer Tire Fest 2026","Offer Applied","003Ka000043GpbQIAS","TIRE20","Applied Tire Promo","a2sKa000001AA4kIAG","","2026-04-28T08:45:00.000+0000",""
"[Engagement__c]","a2tKa000001HIqnIAG","005Ka000005rLzpIAE","false","a2tKa000001HIqn","USD","2026-04-02T14:54:19.000+0000","005Ka000005rLzpIAE","2026-04-02T14:54:19.000+0000","005Ka000005rLzpIAE","2026-04-02T14:54:19.000+0000","true","false","","","","Website Interaction","003Ka000043GpbRIAS","","Searched for Battery","","AGM Battery H6","2026-04-28T10:15:00.000+0000","Search"
"[Engagement__c]","a2tKa000001HIqoIAG","005Ka000005rLzpIAE","false","a2tKa000001HIqo","USD","2026-04-02T14:54:19.000+0000","005Ka000005rLzpIAE","2026-04-02T14:54:19.000+0000","005Ka000005rLzpIAE","2026-04-02T14:54:19.000+0000","true","false","","","Seasonal Catalog","Email Click","003Ka000043GpbSIAS","","Clicked Air Pump Link","","","2026-04-28T12:30:00.000+0000",""
"[Engagement__c]","a2tKa000001HIqpIAG","005Ka000005rLzpIAE","false","a2tKa000001HIqp","USD","2026-04-02T14:54:19.000+0000","005Ka000005rLzpIAE","2026-04-02T14:54:19.000+0000","005Ka000005rLzpIAE","2026-04-02T14:54:19.000+0000","true","false","","","","Website Interaction","003Ka000043GpbTIAS","","Viewed Tech Support","","","2026-04-28T14:50:00.000+0000","Page View"
"[Engagement__c]","a2tKa000001HIqqIAG","005Ka000005rLzpIAE","false","a2tKa000001HIqq","USD","2026-04-02T14:54:19.000+0000","005Ka000005rLzpIAE","2026-04-02T14:54:19.000+0000","005Ka000005rLzpIAE","2026-04-02T14:54:19.000+0000","true","false","","","Car Care Essentials","Offer Applied","003Ka000043GpbUIAS","WASH5","Used Wash Discount","","","2026-04-28T17:10:00.000+0000",""
"[Engagement__c]","a2tKa000001HIqrIAG","005Ka000005rLzpIAE","false","a2tKa000001HIqr","USD","2026-04-02T14:54:19.000+0000","005Ka000005rLzpIAE","2026-04-02T14:54:19.000+0000","005Ka000005rLzpIAE","2026-04-02T14:54:19.000+0000","true","false","","","Audio Upgrade Month","Website Interaction","003Ka000043GpbVIAS","","Viewed 4-Ch Amp","a2sKa000001AA4cIAG","","2026-04-29T09:20:00.000+0000","Product Click"
"[Engagement__c]","a2tKa000001HIqsIAG","005Ka000005rLzpIAE","false","a2tKa000001HIqs","USD","2026-04-02T14:54:19.000+0000","005Ka000005rLzpIAE","2026-04-02T14:54:19.000+0000","005Ka000005rLzpIAE","2026-04-02T14:54:19.000+0000","true","false","","","","Website Interaction","003Ka000043GpbWIAS","","Searched for Sunshade","","Windshield Shade","2026-04-29T11:45:00.000+0000","Search"
"[Engagement__c]","a2tKa000001HIqtIAG","005Ka000005rLzpIAE","false","a2tKa000001HIqt","USD","2026-04-02T14:54:19.000+0000","005Ka000005rLzpIAE","2026-04-02T14:54:19.000+0000","005Ka000005rLzpIAE","2026-04-02T14:54:19.000+0000","true","false","","","Audio Upgrade Month","Website Interaction","003Ka000042xbb7IAA","","Viewed Marine Radio","a2sKa000001AA4cIAG","","2026-04-07T13:20:00.000+0000","Product Click"
"[Engagement__c]","a2tKa000001HIquIAG","005Ka000005rLzpIAE","false","a2tKa000001HIqu","USD","2026-04-02T14:54:19.000+0000","005Ka000005rLzpIAE","2026-04-02T14:54:19.000+0000","005Ka000005rLzpIAE","2026-04-02T14:54:19.000+0000","true","false","","","Summer Tire Fest 2026","Offer Applied","003Ka000042xbauIAA","TIRE20","Redeemed Tire Discount","a2sKa000001AA4kIAG","","2026-04-07T15:45:00.000+0000",""
"[Engagement__c]","a2tKa000001HIqvIAG","005Ka000005rLzpIAE","false","a2tKa000001HIqv","USD","2026-04-02T14:54:19.000+0000","005Ka000005rLzpIAE","2026-04-02T14:54:19.000+0000","005Ka000005rLzpIAE","2026-04-02T14:54:19.000+0000","true","false","","","Car Care Essentials","Email Click","003Ka000042xbavIAA","","Clicked Wax Tutorial Link","","","2026-04-08T08:15:00.000+0000",""
"[Engagement__c]","a2tKa000001HIqwIAG","005Ka000005rLzpIAE","false","a2tKa000001HIqw","USD","2026-04-02T14:54:19.000+0000","005Ka000005rLzpIAE","2026-04-02T14:54:19.000+0000","005Ka000005rLzpIAE","2026-04-02T14:54:19.000+0000","true","false","","","","Website Interaction","003Ka000042xbb6IAA","","Searched for Clay Bar","","Medium Grade Clay","2026-04-08T10:00:00.000+0000","Search"
"[Engagement__c]","a2tKa000001HIqxIAG","005Ka000005rLzpIAE","false","a2tKa000001HIqx","USD","2026-04-02T14:54:19.000+0000","005Ka000005rLzpIAE","2026-04-02T14:54:19.000+0000","005Ka000005rLzpIAE","2026-04-02T14:54:19.000+0000","true","false","","","Holiday Dashcam Sale","Website Interaction","003Ka000042xbb8IAA","","Viewed Rear Camera","a2sKa000001AA4fIAG","","2026-04-08T11:30:00.000+0000","Product Click"
"[Engagement__c]","a2tKa000001HIqyIAG","005Ka000005rLzpIAE","false","a2tKa000001HIqy","USD","2026-04-02T14:54:19.000+0000","005Ka000005rLzpIAE","2026-04-02T14:54:19.000+0000","005Ka000005rLzpIAE","2026-04-02T14:54:19.000+0000","true","false","","","Summer Tire Fest 2026","Offer Applied","003Ka000042xbb9IAA","TIRE10","Used Tire Promo Code","a2sKa000001AA4cIAG","","2026-04-08T14:15:00.000+0000",""
"[Engagement__c]","a2tKa000001HIqzIAG","005Ka000005rLzpIAE","false","a2tKa000001HIqz","USD","2026-04-02T14:54:19.000+0000","005Ka000005rLzpIAE","2026-04-02T14:54:19.000+0000","005Ka000005rLzpIAE","2026-04-02T14:54:19.000+0000","true","false","","","","Website Interaction","003Ka000042xbasIAA","","Viewed Detailing Blog","","","2026-04-09T09:00:00.000+0000","Page View"
"[Engagement__c]","a2tKa000001HIr0IAG","005Ka000005rLzpIAE","false","a2tKa000001HIr0","USD","2026-04-02T14:54:19.000+0000","005Ka000005rLzpIAE","2026-04-02T14:54:19.000+0000","005Ka000005rLzpIAE","2026-04-02T14:54:19.000+0000","true","false","","","Car Care Essentials","Website Interaction","003Ka000043GpbbIAC","","Viewed Tire Cleaners","a2sKa000001AA4jIAG","","2026-03-31T10:30:00.000+0000","Product Click"
"[Engagement__c]","a2tKa000001HIr1IAG","005Ka000005rLzpIAE","false","a2tKa000001HIr1","USD","2026-04-02T14:54:19.000+0000","005Ka000005rLzpIAE","2026-04-02T14:54:19.000+0000","005Ka000005rLzpIAE","2026-04-02T14:54:19.000+0000","true","false","","","Seasonal Catalog","Email Click","003Ka000043GpbcIAC","","Opened April Sneak Peek","","","2026-03-31T12:00:00.000+0000",""
"[Engagement__c]","a2tKa000001HIr2IAG","005Ka000005rLzpIAE","false","a2tKa000001HIr2","USD","2026-04-02T14:54:19.000+0000","005Ka000005rLzpIAE","2026-04-02T14:54:19.000+0000","005Ka000005rLzpIAE","2026-04-02T14:54:19.000+0000","true","false","","","Summer Tire Fest 2026","Website Interaction","003Ka000043GpbdIAC","","Added BFGoodrich to Cart","a2sKa000001AA4kIAG","","2026-03-31T14:15:00.000+0000","Add to Cart"
"[Engagement__c]","a2tKa000001HIr3IAG","005Ka000005rLzpIAE","false","a2tKa000001HIr3","USD","2026-04-02T14:54:19.000+0000","005Ka000005rLzpIAE","2026-04-02T14:54:19.000+0000","005Ka000005rLzpIAE","2026-04-02T14:54:19.000+0000","true","false","","","Re-engagement Wave","Email Click","003Ka000043GpbUIAS","","Opened Detailers Choice","","","2026-04-04T10:00:00.000+0000",""
"[Engagement__c]","a2tKa000001HIr4IAG","005Ka000005rLzpIAE","false","a2tKa000001HIr4","USD","2026-04-02T14:54:19.000+0000","005Ka000005rLzpIAE","2026-04-02T14:54:19.000+0000","005Ka000005rLzpIAE","2026-04-02T14:54:19.000+0000","true","false","","","Audio Upgrade Month","Website Interaction","003Ka000043GpbVIAS","","Added Pioneer Amp to Cart","a2sKa000001AA4cIAG","","2026-04-04T11:30:00.000+0000","Add to Cart"
"[Engagement__c]","a2tKa000001HIr5IAG","005Ka000005rLzpIAE","false","a2tKa000001HIr5","USD","2026-04-02T14:54:19.000+0000","005Ka000005rLzpIAE","2026-04-02T14:54:19.000+0000","005Ka000005rLzpIAE","2026-04-02T14:54:19.000+0000","true","false","","","Holiday Dashcam Sale","Offer Applied","003Ka000043GpbWIAS","TECH10","Applied Dashcam Promo","a2sKa000001AA4fIAG","","2026-04-04T13:45:00.000+0000",""
"[Engagement__c]","a2tKa000001HIr6IAG","005Ka000005rLzpIAE","false","a2tKa000001HIr6","USD","2026-04-02T14:54:19.000+0000","005Ka000005rLzpIAE","2026-04-02T14:54:19.000+0000","005Ka000005rLzpIAE","2026-04-02T14:54:19.000+0000","true","false","","","","Website Interaction","003Ka000043GpbXIAS","","Searched for Wheel Weights","","Adhesive Weights","2026-04-04T15:20:00.000+0000","Search"
"[Engagement__c]","a2tKa000001HIr7IAG","005Ka000005rLzpIAE","false","a2tKa000001HIr7","USD","2026-04-02T14:54:19.000+0000","005Ka000005rLzpIAE","2026-04-02T14:54:19.000+0000","005Ka000005rLzpIAE","2026-04-02T14:54:19.000+0000","true","false","","","Audio Upgrade Month","Website Interaction","003Ka000043GpbYIAS","","Viewed Sub Enclosure","a2sKa000001AA4cIAG","","2026-04-05T09:40:00.000+0000","Product Click"
"[Engagement__c]","a2tKa000001HIr8IAG","005Ka000005rLzpIAE","false","a2tKa000001HIr8","USD","2026-04-02T14:54:19.000+0000","005Ka000005rLzpIAE","2026-04-02T14:54:19.000+0000","005Ka000005rLzpIAE","2026-04-02T14:54:19.000+0000","true","false","","","Oil Change Special","Email Click","003Ka000043GpbZIAS","","Clicked Oil Specs Link","a2sKa000001AA4jIAG","","2026-04-05T11:00:00.000+0000",""
"[Engagement__c]","a2tKa000001HIr9IAG","005Ka000005rLzpIAE","false","a2tKa000001HIr9","USD","2026-04-02T14:54:19.000+0000","005Ka000005rLzpIAE","2026-04-02T14:54:19.000+0000","005Ka000005rLzpIAE","2026-04-02T14:54:19.000+0000","true","false","","","","Website Interaction","003Ka000043GpbaIAC","","Checked Returns Policy","","","2026-04-05T13:15:00.000+0000","Page View"
"[Engagement__c]","a2tKa000001HIrAIAW","005Ka000005rLzpIAE","false","a2tKa000001HIrA","USD","2026-04-02T14:54:19.000+0000","005Ka000005rLzpIAE","2026-04-02T14:54:19.000+0000","005Ka000005rLzpIAE","2026-04-02T14:54:19.000+0000","true","false","","","Oil Change Special","Website Interaction","003Ka000043GpbTIAS","","Viewed Pennzoil Platinum","a2sKa000001AA4jIAG","","2026-04-04T08:15:00.000+0000","Product Click"
"[Engagement__c]","a2tKa000001HIrBIAW","005Ka000005rLzpIAE","false","a2tKa000001HIrB","USD","2026-04-02T14:54:19.000+0000","005Ka000005rLzpIAE","2026-04-02T14:54:19.000+0000","005Ka000005rLzpIAE","2026-04-02T14:54:19.000+0000","true","false","","","Car Care Essentials","Offer Applied","003Ka000043GpbbIAC","WASH5","Applied Wash Discount","","","2026-04-05T15:00:00.000+0000",""
"[Engagement__c]","a2tKa000001HIrCIAW","005Ka000005rLzpIAE","false","a2tKa000001HIrC","USD","2026-04-02T14:54:19.000+0000","005Ka000005rLzpIAE","2026-04-02T14:54:19.000+0000","005Ka000005rLzpIAE","2026-04-02T14:54:19.000+0000","true","false","","","","Website Interaction","003Ka000043GpbcIAC","","Searched for Tire Plugs","","Tire Repair Kit","2026-04-06T08:30:00.000+0000","Search"
"[Engagement__c]","a2tKa000001HIrDIAW","005Ka000005rLzpIAE","false","a2tKa000001HIrD","USD","2026-04-02T14:54:19.000+0000","005Ka000005rLzpIAE","2026-04-02T14:54:19.000+0000","005Ka000005rLzpIAE","2026-04-02T14:54:19.000+0000","true","false","","","Holiday Dashcam Sale","Offer Applied","003Ka000043GpbeIAC","TECH25","Used Tech Discount","a2sKa000001AA4fIAG","","2026-03-31T16:00:00.000+0000",""
"[Engagement__c]","a2tKa000001HIrEIAW","005Ka000005rLzpIAE","false","a2tKa000001HIrE","USD","2026-04-02T14:54:19.000+0000","005Ka000005rLzpIAE","2026-04-02T14:54:19.000+0000","005Ka000005rLzpIAE","2026-04-02T14:54:19.000+0000","true","false","","","","Website Interaction","003Ka000043GpbfIAC","","Searched for Jump Pack","","Portable Jump Pack","2026-03-31T17:30:00.000+0000","Search"
"[Engagement__c]","a2tKa000001HIrFIAW","005Ka000005rLzpIAE","false","a2tKa000001HIrF","USD","2026-04-02T14:54:19.000+0000","005Ka000005rLzpIAE","2026-04-02T14:54:19.000+0000","005Ka000005rLzpIAE","2026-04-02T14:54:19.000+0000","true","false","","","","Website Interaction","003Ka000043GpbgIAC","","Viewed Privacy Policy","","","2026-03-31T18:45:00.000+0000","Page View"
"[Engagement__c]","a2tKa000001HIrGIAW","005Ka000005rLzpIAE","false","a2tKa000001HIrG","USD","2026-04-02T14:54:19.000+0000","005Ka000005rLzpIAE","2026-04-02T14:54:19.000+0000","005Ka000005rLzpIAE","2026-04-02T14:54:19.000+0000","true","false","","","","Website Interaction","003Ka000043GpbCIAS","","Searched for Jack Stands","","3-Ton Stands","2026-04-01T08:00:00.000+0000","Search"
"[Engagement__c]","a2tKa000001HIrHIAW","005Ka000005rLzpIAE","false","a2tKa000001HIrH","USD","2026-04-02T14:54:19.000+0000","005Ka000005rLzpIAE","2026-04-02T14:54:19.000+0000","005Ka000005rLzpIAE","2026-04-02T14:54:19.000+0000","true","false","","","Re-engagement Wave","Email Click","003Ka000043GpbDIAS","","Clicked Oil Change Reminder","a2sKa000001AA4jIAG","","2026-04-01T09:15:00.000+0000",""
"[Engagement__c]","a2tKa000001HIrIIAW","005Ka000005rLzpIAE","false","a2tKa000001HIrI","USD","2026-04-02T14:54:19.000+0000","005Ka000005rLzpIAE","2026-04-02T14:54:19.000+0000","005Ka000005rLzpIAE","2026-04-02T14:54:19.000+0000","true","false","","","Holiday Dashcam Sale","Website Interaction","003Ka000043GpbEIAS","","Viewed Garmin Dashcam","a2sKa000001AA4fIAG","","2026-04-01T10:45:00.000+0000","Product Click"
"[Engagement__c]","a2tKa000001HIrJIAW","005Ka000005rLzpIAE","false","a2tKa000001HIrJ","USD","2026-04-02T14:54:19.000+0000","005Ka000005rLzpIAE","2026-04-02T14:54:19.000+0000","005Ka000005rLzpIAE","2026-04-02T14:54:19.000+0000","true","false","","","Oil Change Special","Offer Applied","003Ka000043GpbFIAS","OIL5","Applied Oil Promo","a2sKa000001AA4jIAG","","2026-04-01T12:00:00.000+0000",""
"[Engagement__c]","a2tKa000001HIrKIAW","005Ka000005rLzpIAE","false","a2tKa000001HIrK","USD","2026-04-02T14:54:19.000+0000","005Ka000005rLzpIAE","2026-04-02T14:54:19.000+0000","005Ka000005rLzpIAE","2026-04-02T14:54:19.000+0000","true","false","","","Summer Tire Fest 2026","Website Interaction","003Ka000043GpbGIAS","","Viewed Tire Warranty","a2sKa000001AA4kIAG","","2026-04-01T13:30:00.000+0000","Page View"
"[Engagement__c]","a2tKa000001HIrLIAW","005Ka000005rLzpIAE","false","a2tKa000001HIrL","USD","2026-04-02T14:54:19.000+0000","005Ka000005rLzpIAE","2026-04-02T14:54:19.000+0000","005Ka000005rLzpIAE","2026-04-02T14:54:19.000+0000","true","false","","","","Website Interaction","003Ka000043GpbHIAS","","Searched for Subwoofer","","Underseat Sub","2026-04-01T15:00:00.000+0000","Search"
"[Engagement__c]","a2tKa000001HIrMIAW","005Ka000005rLzpIAE","false","a2tKa000001HIrM","USD","2026-04-02T14:54:19.000+0000","005Ka000005rLzpIAE","2026-04-02T14:54:19.000+0000","005Ka000005rLzpIAE","2026-04-02T14:54:19.000+0000","true","false","","","Car Care Essentials","Email Click","003Ka000043GpbIIAS","","Opened Spring Cleaning Mail","","","2026-04-02T08:30:00.000+0000",""
"[Engagement__c]","a2tKa000001HIrNIAW","005Ka000005rLzpIAE","false","a2tKa000001HIrN","USD","2026-04-02T14:54:19.000+0000","005Ka000005rLzpIAE","2026-04-02T14:54:19.000+0000","005Ka000005rLzpIAE","2026-04-02T14:54:19.000+0000","true","false","","","Audio Upgrade Month","Offer Applied","003Ka000043GpbJIAS","TECH10","Used Tech Coupon","a2sKa000001AA4cIAG","","2026-04-02T10:00:00.000+0000",""
"[Engagement__c]","a2tKa000001HIrOIAW","005Ka000005rLzpIAE","false","a2tKa000001HIrO","USD","2026-04-02T14:54:19.000+0000","005Ka000005rLzpIAE","2026-04-02T14:54:19.000+0000","005Ka000005rLzpIAE","2026-04-02T14:54:19.000+0000","true","false","2026-04-06T18:01:08.000+0000","2026-04-06T18:01:08.000+0000","","Website Interaction","003Ka000043GpbKIAS","","Searched for Filter Wrench","","Cup Type Wrench","2026-04-02T11:45:00.000+0000","Search"
"[Engagement__c]","a2tKa000001HIrPIAW","005Ka000005rLzpIAE","false","a2tKa000001HIrP","USD","2026-04-02T14:54:19.000+0000","005Ka000005rLzpIAE","2026-04-02T14:54:19.000+0000","005Ka000005rLzpIAE","2026-04-02T14:54:19.000+0000","true","false","","","Car Care Essentials","Offer Applied","003Ka000043GpbNIAS","SHINE50","Applied Shine Promo","a2sKa000001AA4jIAG","","2026-04-02T16:20:00.000+0000",""
"[Engagement__c]","a2tKa000001HIrQIAW","005Ka000005rLzpIAE","false","a2tKa000001HIrQ","USD","2026-04-02T14:54:19.000+0000","005Ka000005rLzpIAE","2026-04-02T14:54:19.000+0000","005Ka000005rLzpIAE","2026-04-02T14:54:19.000+0000","true","false","","","Car Care Essentials","Website Interaction","003Ka000043GpbLIAS","","Added Wipers to Cart","","","2026-04-02T13:10:00.000+0000","Add to Cart"
"[Engagement__c]","a2tKa000001HIrRIAW","005Ka000005rLzpIAE","false","a2tKa000001HIrR","USD","2026-04-02T14:54:19.000+0000","005Ka000005rLzpIAE","2026-04-02T14:54:19.000+0000","005Ka000005rLzpIAE","2026-04-02T14:54:19.000+0000","true","false","","","Car Care Essentials","Website Interaction","003Ka000043GpbMIAS","","Viewed Rim Cleaner","a2sKa000001AA4jIAG","","2026-04-02T15:00:00.000+0000","Product Click"
"[Engagement__c]","a2tKa000001HIrSIAW","005Ka000005rLzpIAE","false","a2tKa000001HIrS","USD","2026-04-02T14:54:19.000+0000","005Ka000005rLzpIAE","2026-04-02T14:54:19.000+0000","005Ka000005rLzpIAE","2026-04-02T14:54:19.000+0000","true","false","","","","Website Interaction","003Ka000043GpbOIAS","","Searched for Amp Wire","","4 Gauge Kit","2026-04-03T09:00:00.000+0000","Search"
"[Engagement__c]","a2tKa000001HIrTIAW","005Ka000005rLzpIAE","false","a2tKa000001HIrT","USD","2026-04-02T14:54:19.000+0000","005Ka000005rLzpIAE","2026-04-02T14:54:19.000+0000","005Ka000005rLzpIAE","2026-04-02T14:54:19.000+0000","true","false","","","Holiday Dashcam Sale","Website Interaction","003Ka000043GpbPIAS","","Viewed Dashcam Mounting Guide","a2sKa000001AA4fIAG","","2026-04-03T10:30:00.000+0000","Page View"
"[Engagement__c]","a2tKa000001HIrUIAW","005Ka000005rLzpIAE","false","a2tKa000001HIrU","USD","2026-04-02T14:54:19.000+0000","005Ka000005rLzpIAE","2026-04-02T14:54:19.000+0000","005Ka000005rLzpIAE","2026-04-02T14:54:19.000+0000","true","false","","","Summer Tire Fest 2026","Email Click","003Ka000043GpbQIAS","","Clicked Tire Rebate Link","a2sKa000001AA4kIAG","","2026-04-03T12:00:00.000+0000",""
"[Engagement__c]","a2tKa000001HIrVIAW","005Ka000005rLzpIAE","false","a2tKa000001HIrV","USD","2026-04-02T14:54:19.000+0000","005Ka000005rLzpIAE","2026-04-02T14:54:19.000+0000","005Ka000005rLzpIAE","2026-04-02T14:54:19.000+0000","true","false","","","Holiday Dashcam Sale","Offer Applied","003Ka000043GpbRIAS","TECH25","Applied Tech Discount","a2sKa000001AA4fIAG","","2026-04-03T14:45:00.000+0000",""
"[Engagement__c]","a2tKa000001HIrWIAW","005Ka000005rLzpIAE","false","a2tKa000001HIrW","USD","2026-04-02T14:54:19.000+0000","005Ka000005rLzpIAE","2026-04-02T14:54:19.000+0000","005Ka000005rLzpIAE","2026-04-02T14:54:19.000+0000","true","false","","","","Website Interaction","003Ka000043GpbSIAS","","Searched for Air Pump","","12V Compressor","2026-04-03T16:00:00.000+0000","Search"
"[Engagement__c]","a2tKa000001HIrXIAW","005Ka000005rLzpIAE","false","a2tKa000001HIrX","USD","2026-04-02T14:54:19.000+0000","005Ka000005rLzpIAE","2026-04-02T14:54:19.000+0000","005Ka000005rLzpIAE","2026-04-02T14:54:19.000+0000","true","false","","","Summer Tire Fest 2026","Website Interaction","003Ka000043GpbdIAC","","Viewed BFGoodrich T/A","a2sKa000001AA4kIAG","","2026-04-06T10:15:00.000+0000","Product Click"
"[Engagement__c]","a2tKa000001HIrYIAW","005Ka000005rLzpIAE","false","a2tKa000001HIrY","USD","2026-04-02T14:54:19.000+0000","005Ka000005rLzpIAE","2026-04-02T14:54:19.000+0000","005Ka000005rLzpIAE","2026-04-02T14:54:19.000+0000","true","false","","","Seasonal Catalog","Email Click","003Ka000043GpbeIAC","","Clicked April Savings Link","","","2026-04-06T12:00:00.000+0000",""
"[Engagement__c]","a2tKa000001HIrZIAW","005Ka000005rLzpIAE","false","a2tKa000001HIrZ","USD","2026-04-02T14:54:19.000+0000","005Ka000005rLzpIAE","2026-04-02T14:54:19.000+0000","005Ka000005rLzpIAE","2026-04-02T14:54:19.000+0000","true","false","","","Holiday Dashcam Sale","Offer Applied","003Ka000043GpbfIAC","TECH25","Applied Tech Promo","a2sKa000001AA4fIAG","","2026-04-06T14:40:00.000+0000",""
"[Engagement__c]","a2tKa000001HIraIAG","005Ka000005rLzpIAE","false","a2tKa000001HIra","USD","2026-04-02T14:54:19.000+0000","005Ka000005rLzpIAE","2026-04-02T14:54:19.000+0000","005Ka000005rLzpIAE","2026-04-02T14:54:19.000+0000","true","false","","","","Website Interaction","003Ka000043GpbgIAC","","Searched for Valve Caps","","Chrome Caps","2026-04-07T09:10:00.000+0000","Search"
"[Engagement__c]","a2tKa000001HIrbIAG","005Ka000005rLzpIAE","false","a2tKa000001HIrb","USD","2026-04-02T14:54:19.000+0000","005Ka000005rLzpIAE","2026-04-02T14:54:19.000+0000","005Ka000005rLzpIAE","2026-04-02T14:54:19.000+0000","true","false","","","Oil Change Special","Website Interaction","003Ka000043GpbhIAC","","Added Oil Filter to Cart","a2sKa000001AA4jIAG","","2026-04-07T11:00:00.000+0000","Add to Cart"
"[Engagement__c]","a2tKa000001HIrcIAG","005Ka000005rLzpIAE","false","a2tKa000001HIrc","USD","2026-04-02T14:54:19.000+0000","005Ka000005rLzpIAE","2026-04-02T14:54:19.000+0000","005Ka000005rLzpIAE","2026-04-02T14:54:19.000+0000","true","false","","","Re-engagement Wave","Email Click","003Ka000042xbatIAA","","Opened Loyalty Rewards","","","2026-04-09T10:45:00.000+0000",""
"[Engagement__c]","a2tKa000001HIrdIAG","005Ka000005rLzpIAE","false","a2tKa000001HIrd","USD","2026-04-02T14:54:19.000+0000","005Ka000005rLzpIAE","2026-04-02T14:54:19.000+0000","005Ka000005rLzpIAE","2026-04-02T14:54:19.000+0000","true","false","","","Summer Tire Fest 2026","Website Interaction","003Ka000043GpbUIAS","","Added Snow Tires to Cart","","","2026-04-09T13:20:00.000+0000","Add to Cart"
"[Engagement__c]","a2tKa000001HIreIAG","005Ka000005rLzpIAE","false","a2tKa000001HIre","USD","2026-04-02T14:54:19.000+0000","005Ka000005rLzpIAE","2026-04-02T14:54:19.000+0000","005Ka000005rLzpIAE","2026-04-02T14:54:19.000+0000","true","false","","","","Website Interaction","003Ka000043GpbVIAS","","Searched for Fuses","","Blade Fuse Kit","2026-04-09T15:00:00.000+0000","Search"
"[Engagement__c]","a2tKa000001HIrfIAG","005Ka000005rLzpIAE","false","a2tKa000001HIrf","USD","2026-04-02T14:54:19.000+0000","005Ka000005rLzpIAE","2026-04-02T14:54:19.000+0000","005Ka000005rLzpIAE","2026-04-02T14:54:19.000+0000","true","false","","","Holiday Dashcam Sale","Offer Applied","003Ka000043GpbWIAS","TECH10","Applied Tech Discount","a2sKa000001AA4fIAG","","2026-04-10T08:30:00.000+0000",""
"[Engagement__c]","a2tKa000001HIrgIAG","005Ka000005rLzpIAE","false","a2tKa000001HIrg","USD","2026-04-02T14:54:19.000+0000","005Ka000005rLzpIAE","2026-04-02T14:54:19.000+0000","005Ka000005rLzpIAE","2026-04-02T14:54:19.000+0000","true","false","","","Summer Tire Fest 2026","Website Interaction","003Ka000043GpbXIAS","","Viewed Michelin Pilot Sport","a2sKa000001AA4cIAG","","2026-04-10T10:15:00.000+0000","Product Click"
"[Engagement__c]","a2tKa000001HIrhIAG","005Ka000005rLzpIAE","false","a2tKa000001HIrh","USD","2026-04-02T14:54:19.000+0000","005Ka000005rLzpIAE","2026-04-02T14:54:19.000+0000","005Ka000005rLzpIAE","2026-04-02T14:54:19.000+0000","true","false","","","","Website Interaction","003Ka000043GpbgIAC","","Viewed Privacy Policy","","","2026-03-31T18:45:00.000+0000","Page View"
"[Engagement__c]","a2tKa000001HIriIAG","005Ka000005rLzpIAE","false","a2tKa000001HIri","USD","2026-04-02T14:54:19.000+0000","005Ka000005rLzpIAE","2026-04-02T14:54:19.000+0000","005Ka000005rLzpIAE","2026-04-02T14:54:19.000+0000","true","false","","","","Website Interaction","003Ka000043GpbCIAS","","Searched for Jack Stands","","3-Ton Stands","2026-04-01T08:00:00.000+0000","Search"
"[Engagement__c]","a2tKa000001HIrjIAG","005Ka000005rLzpIAE","false","a2tKa000001HIrj","USD","2026-04-02T14:54:19.000+0000","005Ka000005rLzpIAE","2026-04-02T14:54:19.000+0000","005Ka000005rLzpIAE","2026-04-02T14:54:19.000+0000","true","false","","","Re-engagement Wave","Email Click","003Ka000043GpbDIAS","","Clicked Oil Change Reminder","a2sKa000001AA4jIAG","","2026-04-01T09:15:00.000+0000",""
"[Engagement__c]","a2tKa000001HIrkIAG","005Ka000005rLzpIAE","false","a2tKa000001HIrk","USD","2026-04-02T14:54:19.000+0000","005Ka000005rLzpIAE","2026-04-02T14:54:19.000+0000","005Ka000005rLzpIAE","2026-04-02T14:54:19.000+0000","true","false","","","Holiday Dashcam Sale","Website Interaction","003Ka000043GpbEIAS","","Viewed Garmin Dashcam","a2sKa000001AA4fIAG","","2026-04-01T10:45:00.000+0000","Product Click"
"[Engagement__c]","a2tKa000001HIrlIAG","005Ka000005rLzpIAE","false","a2tKa000001HIrl","USD","2026-04-02T14:54:19.000+0000","005Ka000005rLzpIAE","2026-04-02T14:54:19.000+0000","005Ka000005rLzpIAE","2026-04-02T14:54:19.000+0000","true","false","","","Oil Change Special","Offer Applied","003Ka000043GpbFIAS","OIL5","Applied Oil Promo","a2sKa000001AA4jIAG","","2026-04-01T12:00:00.000+0000",""
"[Engagement__c]","a2tKa000001HIrmIAG","005Ka000005rLzpIAE","false","a2tKa000001HIrm","USD","2026-04-02T14:54:19.000+0000","005Ka000005rLzpIAE","2026-04-02T14:54:19.000+0000","005Ka000005rLzpIAE","2026-04-02T14:54:19.000+0000","true","false","","","Summer Tire Fest 2026","Website Interaction","003Ka000043GpbGIAS","","Viewed Tire Warranty","a2sKa000001AA4kIAG","","2026-04-01T13:30:00.000+0000","Page View"
"[Engagement__c]","a2tKa000001HIrnIAG","005Ka000005rLzpIAE","false","a2tKa000001HIrn","USD","2026-04-02T14:54:19.000+0000","005Ka000005rLzpIAE","2026-04-02T14:54:19.000+0000","005Ka000005rLzpIAE","2026-04-02T14:54:19.000+0000","true","false","","","","Website Interaction","003Ka000043GpbHIAS","","Searched for Subwoofer","","Underseat Sub","2026-04-01T15:00:00.000+0000","Search"
"[Engagement__c]","a2tKa000001HIroIAG","005Ka000005rLzpIAE","false","a2tKa000001HIro","USD","2026-04-02T14:54:19.000+0000","005Ka000005rLzpIAE","2026-04-02T14:54:19.000+0000","005Ka000005rLzpIAE","2026-04-02T14:54:19.000+0000","true","false","","","Car Care Essentials","Email Click","003Ka000043GpbIIAS","","Opened Spring Cleaning Mail","","","2026-04-02T08:30:00.000+0000",""
"[Engagement__c]","a2tKa000001HIrpIAG","005Ka000005rLzpIAE","false","a2tKa000001HIrp","USD","2026-04-02T14:54:19.000+0000","005Ka000005rLzpIAE","2026-04-02T14:54:19.000+0000","005Ka000005rLzpIAE","2026-04-02T14:54:19.000+0000","true","false","","","Audio Upgrade Month","Offer Applied","003Ka000043GpbJIAS","TECH10","Used Tech Coupon","a2sKa000001AA4cIAG","","2026-04-02T10:00:00.000+0000",""
"[Engagement__c]","a2tKa000001HIrqIAG","005Ka000005rLzpIAE","false","a2tKa000001HIrq","USD","2026-04-02T14:54:19.000+0000","005Ka000005rLzpIAE","2026-04-02T14:54:19.000+0000","005Ka000005rLzpIAE","2026-04-02T14:54:19.000+0000","true","false","","","","Website Interaction","003Ka000043GpbKIAS","","Searched for Filter Wrench","","Cup Type Wrench","2026-04-02T11:45:00.000+0000","Search"
"[Engagement__c]","a2tKa000001HIrrIAG","005Ka000005rLzpIAE","false","a2tKa000001HIrr","USD","2026-04-02T14:54:19.000+0000","005Ka000005rLzpIAE","2026-04-02T14:54:19.000+0000","005Ka000005rLzpIAE","2026-04-02T14:54:19.000+0000","true","false","","","Holiday Dashcam Sale","Website Interaction","003Ka000042xbb8IAA","","Viewed Rear Camera","a2sKa000001AA4fIAG","","2026-04-08T11:30:00.000+0000","Product Click"
"[Engagement__c]","a2tKa000001HIrsIAG","005Ka000005rLzpIAE","false","a2tKa000001HIrs","USD","2026-04-02T14:54:19.000+0000","005Ka000005rLzpIAE","2026-04-02T14:54:19.000+0000","005Ka000005rLzpIAE","2026-04-02T14:54:19.000+0000","true","false","","","Summer Tire Fest 2026","Offer Applied","003Ka000042xbb9IAA","TIRE10","Used Tire Promo Code","a2sKa000001AA4cIAG","","2026-04-08T14:15:00.000+0000",""
"[Engagement__c]","a2tKa000001HIrtIAG","005Ka000005rLzpIAE","false","a2tKa000001HIrt","USD","2026-04-02T14:54:19.000+0000","005Ka000005rLzpIAE","2026-04-02T14:54:19.000+0000","005Ka000005rLzpIAE","2026-04-02T14:54:19.000+0000","true","false","","","","Website Interaction","003Ka000042xbasIAA","","Viewed Detailing Blog","","","2026-04-09T09:00:00.000+0000","Page View"
"[Engagement__c]","a2tKa000001HIruIAG","005Ka000005rLzpIAE","false","a2tKa000001HIru","USD","2026-04-02T14:54:19.000+0000","005Ka000005rLzpIAE","2026-04-02T14:54:19.000+0000","005Ka000005rLzpIAE","2026-04-02T14:54:19.000+0000","true","false","","","Re-engagement Wave","Email Click","003Ka000042xbatIAA","","Opened Loyalty Rewards","","","2026-04-09T10:45:00.000+0000",""
"[Engagement__c]","a2tKa000001HIrvIAG","005Ka000005rLzpIAE","false","a2tKa000001HIrv","USD","2026-04-02T14:54:19.000+0000","005Ka000005rLzpIAE","2026-04-02T14:54:19.000+0000","005Ka000005rLzpIAE","2026-04-02T14:54:19.000+0000","true","false","","","Summer Tire Fest 2026","Website Interaction","003Ka000043GpbUIAS","","Added Snow Tires to Cart","","","2026-04-09T13:20:00.000+0000","Add to Cart"
"[Engagement__c]","a2tKa000001HIrwIAG","005Ka000005rLzpIAE","false","a2tKa000001HIrw","USD","2026-04-02T14:54:19.000+0000","005Ka000005rLzpIAE","2026-04-02T14:54:19.000+0000","005Ka000005rLzpIAE","2026-04-02T14:54:19.000+0000","true","false","","","","Website Interaction","003Ka000043GpbVIAS","","Searched for Fuses","","Blade Fuse Kit","2026-04-09T15:00:00.000+0000","Search"
"[Engagement__c]","a2tKa000001HIrxIAG","005Ka000005rLzpIAE","false","a2tKa000001HIrx","USD","2026-04-02T14:54:19.000+0000","005Ka000005rLzpIAE","2026-04-02T14:54:19.000+0000","005Ka000005rLzpIAE","2026-04-02T14:54:19.000+0000","true","false","","","Holiday Dashcam Sale","Offer Applied","003Ka000043GpbWIAS","TECH10","Applied Tech Discount","a2sKa000001AA4fIAG","","2026-04-10T08:30:00.000+0000",""
"[Engagement__c]","a2tKa000001HIryIAG","005Ka000005rLzpIAE","false","a2tKa000001HIry","USD","2026-04-02T14:54:19.000+0000","005Ka000005rLzpIAE","2026-04-02T14:54:19.000+0000","005Ka000005rLzpIAE","2026-04-02T14:54:19.000+0000","true","false","","","Summer Tire Fest 2026","Website Interaction","003Ka000043GpbXIAS","","Viewed Michelin Pilot Sport","a2sKa000001AA4cIAG","","2026-04-10T10:15:00.000+0000","Product Click"
"[Engagement__c]","a2tKa000001HIrzIAG","005Ka000005rLzpIAE","false","a2tKa000001HIrz","USD","2026-04-02T14:54:19.000+0000","005Ka000005rLzpIAE","2026-04-02T14:54:19.000+0000","005Ka000005rLzpIAE","2026-04-02T14:54:19.000+0000","true","false","","","","Website Interaction","003Ka000042xbb6IAA","","Searched for Clay Bar","","Medium Grade Clay","2026-04-08T10:00:00.000+0000","Search"
"[Engagement__c]","a2tKa000001HIs0IAG","005Ka000005rLzpIAE","false","a2tKa000001HIs0","USD","2026-04-02T14:54:19.000+0000","005Ka000005rLzpIAE","2026-04-02T14:54:19.000+0000","005Ka000005rLzpIAE","2026-04-02T14:54:19.000+0000","true","false","","","Car Care Essentials","Website Interaction","003Ka000043GpbLIAS","","Added Wipers to Cart","","","2026-04-02T13:10:00.000+0000","Add to Cart"
"[Engagement__c]","a2tKa000001HIs1IAG","005Ka000005rLzpIAE","false","a2tKa000001HIs1","USD","2026-04-02T14:54:19.000+0000","005Ka000005rLzpIAE","2026-04-02T14:54:19.000+0000","005Ka000005rLzpIAE","2026-04-02T14:54:19.000+0000","true","false","","","Car Care Essentials","Website Interaction","003Ka000043GpbMIAS","","Viewed Rim Cleaner","a2sKa000001AA4jIAG","","2026-04-02T15:00:00.000+0000","Product Click"
"[Engagement__c]","a2tKa000001HIs2IAG","005Ka000005rLzpIAE","false","a2tKa000001HIs2","USD","2026-04-02T14:54:19.000+0000","005Ka000005rLzpIAE","2026-04-02T14:54:19.000+0000","005Ka000005rLzpIAE","2026-04-02T14:54:19.000+0000","true","false","","","Car Care Essentials","Offer Applied","003Ka000043GpbNIAS","SHINE50","Applied Shine Promo","a2sKa000001AA4jIAG","","2026-04-02T16:20:00.000+0000",""
"[Engagement__c]","a2tKa000001HIs3IAG","005Ka000005rLzpIAE","false","a2tKa000001HIs3","USD","2026-04-02T14:54:19.000+0000","005Ka000005rLzpIAE","2026-04-02T14:54:19.000+0000","005Ka000005rLzpIAE","2026-04-02T14:54:19.000+0000","true","false","","","Holiday Dashcam Sale","Website Interaction","003Ka000043GpbPIAS","","Viewed Dashcam Mounting Guide","a2sKa000001AA4fIAG","","2026-04-03T10:30:00.000+0000","Page View"
"[Engagement__c]","a2tKa000001HIs4IAG","005Ka000005rLzpIAE","false","a2tKa000001HIs4","USD","2026-04-02T14:54:19.000+0000","005Ka000005rLzpIAE","2026-04-02T14:54:19.000+0000","005Ka000005rLzpIAE","2026-04-02T14:54:19.000+0000","true","false","","","Summer Tire Fest 2026","Email Click","003Ka000043GpbQIAS","","Clicked Tire Rebate Link","a2sKa000001AA4kIAG","","2026-04-03T12:00:00.000+0000",""
"[Engagement__c]","a2tKa000001HIs5IAG","005Ka000005rLzpIAE","false","a2tKa000001HIs5","USD","2026-04-02T14:54:19.000+0000","005Ka000005rLzpIAE","2026-04-02T14:54:19.000+0000","005Ka000005rLzpIAE","2026-04-02T14:54:19.000+0000","true","false","","","Holiday Dashcam Sale","Offer Applied","003Ka000043GpbRIAS","TECH25","Applied Tech Discount","a2sKa000001AA4fIAG","","2026-04-03T14:45:00.000+0000",""
"[Engagement__c]","a2tKa000001HIs6IAG","005Ka000005rLzpIAE","false","a2tKa000001HIs6","USD","2026-04-02T14:54:19.000+0000","005Ka000005rLzpIAE","2026-04-02T14:54:19.000+0000","005Ka000005rLzpIAE","2026-04-02T14:54:19.000+0000","true","false","","","","Website Interaction","003Ka000043GpbSIAS","","Searched for Air Pump","","12V Compressor","2026-04-03T16:00:00.000+0000","Search"
"[Engagement__c]","a2tKa000001HIs7IAG","005Ka000005rLzpIAE","false","a2tKa000001HIs7","USD","2026-04-02T14:54:19.000+0000","005Ka000005rLzpIAE","2026-04-02T14:54:19.000+0000","005Ka000005rLzpIAE","2026-04-02T14:54:19.000+0000","true","false","","","Oil Change Special","Website Interaction","003Ka000043GpbTIAS","","Viewed Pennzoil Platinum","a2sKa000001AA4jIAG","","2026-04-04T08:15:00.000+0000","Product Click"
"[Engagement__c]","a2tKa000001HIs8IAG","005Ka000005rLzpIAE","false","a2tKa000001HIs8","USD","2026-04-02T14:54:19.000+0000","005Ka000005rLzpIAE","2026-04-02T14:54:19.000+0000","005Ka000005rLzpIAE","2026-04-02T14:54:19.000+0000","true","false","","","Re-engagement Wave","Email Click","003Ka000043GpbUIAS","","Opened Detailers Choice","","","2026-04-04T10:00:00.000+0000",""
"[Engagement__c]","a2tKa000001HIs9IAG","005Ka000005rLzpIAE","false","a2tKa000001HIs9","USD","2026-04-02T14:54:19.000+0000","005Ka000005rLzpIAE","2026-04-02T14:54:19.000+0000","005Ka000005rLzpIAE","2026-04-02T14:54:19.000+0000","true","false","","","Audio Upgrade Month","Website Interaction","003Ka000043GpbVIAS","","Added Pioneer Amp to Cart","a2sKa000001AA4cIAG","","2026-04-04T11:30:00.000+0000","Add to Cart"
"[Engagement__c]","a2tKa000001HIsAIAW","005Ka000005rLzpIAE","false","a2tKa000001HIsA","USD","2026-04-02T14:54:19.000+0000","005Ka000005rLzpIAE","2026-04-02T14:54:19.000+0000","005Ka000005rLzpIAE","2026-04-02T14:54:19.000+0000","true","false","","","Holiday Dashcam Sale","Offer Applied","003Ka000043GpbWIAS","TECH10","Applied Dashcam Promo","a2sKa000001AA4fIAG","","2026-04-04T13:45:00.000+0000",""
"[Engagement__c]","a2tKa000001HIsBIAW","005Ka000005rLzpIAE","false","a2tKa000001HIsB","USD","2026-04-02T14:54:19.000+0000","005Ka000005rLzpIAE","2026-04-02T14:54:19.000+0000","005Ka000005rLzpIAE","2026-04-02T14:54:19.000+0000","true","false","","","","Website Interaction","003Ka000043GpbXIAS","","Searched for Wheel Weights","","Adhesive Weights","2026-04-04T15:20:00.000+0000","Search"
"[Engagement__c]","a2tKa000001HIsCIAW","005Ka000005rLzpIAE","false","a2tKa000001HIsC","USD","2026-04-02T14:54:19.000+0000","005Ka000005rLzpIAE","2026-04-02T14:54:19.000+0000","005Ka000005rLzpIAE","2026-04-02T14:54:19.000+0000","true","false","","","","Website Interaction","003Ka000043GpbOIAS","","Searched for Amp Wire","","4 Gauge Kit","2026-04-03T09:00:00.000+0000","Search"
"[Engagement__c]","a2tKa000001HIsDIAW","005Ka000005rLzpIAE","false","a2tKa000001HIsD","USD","2026-04-02T14:54:19.000+0000","005Ka000005rLzpIAE","2026-04-02T14:54:19.000+0000","005Ka000005rLzpIAE","2026-04-02T14:54:19.000+0000","true","false","","","Audio Upgrade Month","Website Interaction","003Ka000043GpbYIAS","","Viewed Sub Enclosure","a2sKa000001AA4cIAG","","2026-04-05T09:40:00.000+0000","Product Click"
"[Engagement__c]","a2tKa000001HIsEIAW","005Ka000005rLzpIAE","false","a2tKa000001HIsE","USD","2026-04-02T14:54:19.000+0000","005Ka000005rLzpIAE","2026-04-02T14:54:19.000+0000","005Ka000005rLzpIAE","2026-04-02T14:54:19.000+0000","true","false","","","Oil Change Special","Email Click","003Ka000043GpbZIAS","","Clicked Oil Specs Link","a2sKa000001AA4jIAG","","2026-04-05T11:00:00.000+0000",""
"[Engagement__c]","a2tKa000001HIsFIAW","005Ka000005rLzpIAE","false","a2tKa000001HIsF","USD","2026-04-02T14:54:19.000+0000","005Ka000005rLzpIAE","2026-04-02T14:54:19.000+0000","005Ka000005rLzpIAE","2026-04-02T14:54:19.000+0000","true","false","","","Car Care Essentials","Offer Applied","003Ka000043GpbbIAC","WASH5","Applied Wash Discount","","","2026-04-05T15:00:00.000+0000",""
"[Engagement__c]","a2tKa000001HIsGIAW","005Ka000005rLzpIAE","false","a2tKa000001HIsG","USD","2026-04-02T14:54:19.000+0000","005Ka000005rLzpIAE","2026-04-02T14:54:19.000+0000","005Ka000005rLzpIAE","2026-04-02T14:54:19.000+0000","true","false","","","","Website Interaction","003Ka000043GpbcIAC","","Searched for Tire Plugs","","Tire Repair Kit","2026-04-06T08:30:00.000+0000","Search"
"[Engagement__c]","a2tKa000001HIsHIAW","005Ka000005rLzpIAE","false","a2tKa000001HIsH","USD","2026-04-02T14:54:19.000+0000","005Ka000005rLzpIAE","2026-04-02T14:54:19.000+0000","005Ka000005rLzpIAE","2026-04-02T14:54:19.000+0000","true","false","","","Summer Tire Fest 2026","Website Interaction","003Ka000043GpbdIAC","","Viewed BFGoodrich T/A","a2sKa000001AA4kIAG","","2026-04-06T10:15:00.000+0000","Product Click"
"[Engagement__c]","a2tKa000001HIsIIAW","005Ka000005rLzpIAE","false","a2tKa000001HIsI","USD","2026-04-02T14:54:19.000+0000","005Ka000005rLzpIAE","2026-04-02T14:54:19.000+0000","005Ka000005rLzpIAE","2026-04-02T14:54:19.000+0000","true","false","","","Seasonal Catalog","Email Click","003Ka000043GpbeIAC","","Clicked April Savings Link","","","2026-04-06T12:00:00.000+0000",""
"[Engagement__c]","a2tKa000001HIsJIAW","005Ka000005rLzpIAE","false","a2tKa000001HIsJ","USD","2026-04-02T14:54:19.000+0000","005Ka000005rLzpIAE","2026-04-02T14:54:19.000+0000","005Ka000005rLzpIAE","2026-04-02T14:54:19.000+0000","true","false","","","Holiday Dashcam Sale","Offer Applied","003Ka000043GpbfIAC","TECH25","Applied Tech Promo","a2sKa000001AA4fIAG","","2026-04-06T14:40:00.000+0000",""
"[Engagement__c]","a2tKa000001HIsKIAW","005Ka000005rLzpIAE","false","a2tKa000001HIsK","USD","2026-04-02T14:54:19.000+0000","005Ka000005rLzpIAE","2026-04-02T14:54:19.000+0000","005Ka000005rLzpIAE","2026-04-02T14:54:19.000+0000","true","false","","","","Website Interaction","003Ka000043GpbgIAC","","Searched for Valve Caps","","Chrome Caps","2026-04-07T09:10:00.000+0000","Search"
"[Engagement__c]","a2tKa000001HIsLIAW","005Ka000005rLzpIAE","false","a2tKa000001HIsL","USD","2026-04-02T14:54:19.000+0000","005Ka000005rLzpIAE","2026-04-02T14:54:19.000+0000","005Ka000005rLzpIAE","2026-04-02T14:54:19.000+0000","true","false","","","","Website Interaction","003Ka000043GpbaIAC","","Checked Returns Policy","","","2026-04-05T13:15:00.000+0000","Page View"
"[Engagement__c]","a2tKa000001HIsMIAW","005Ka000005rLzpIAE","false","a2tKa000001HIsM","USD","2026-04-02T14:54:19.000+0000","005Ka000005rLzpIAE","2026-04-02T14:54:19.000+0000","005Ka000005rLzpIAE","2026-04-02T14:54:19.000+0000","true","false","","","Oil Change Special","Website Interaction","003Ka000043GpbhIAC","","Added Oil Filter to Cart","a2sKa000001AA4jIAG","","2026-04-07T11:00:00.000+0000","Add to Cart"
"[Engagement__c]","a2tKa000001HIsNIAW","005Ka000005rLzpIAE","false","a2tKa000001HIsN","USD","2026-04-02T14:54:19.000+0000","005Ka000005rLzpIAE","2026-04-02T14:54:19.000+0000","005Ka000005rLzpIAE","2026-04-02T14:54:19.000+0000","true","false","","","Audio Upgrade Month","Website Interaction","003Ka000042xbb7IAA","","Viewed Marine Radio","a2sKa000001AA4cIAG","","2026-04-07T13:20:00.000+0000","Product Click"
"[Engagement__c]","a2tKa000001HIsOIAW","005Ka000005rLzpIAE","false","a2tKa000001HIsO","USD","2026-04-02T14:54:19.000+0000","005Ka000005rLzpIAE","2026-04-02T14:54:19.000+0000","005Ka000005rLzpIAE","2026-04-02T14:54:19.000+0000","true","false","","","Summer Tire Fest 2026","Offer Applied","003Ka000042xbauIAA","TIRE20","Redeemed Tire Discount","a2sKa000001AA4kIAG","","2026-04-07T15:45:00.000+0000",""
"[Engagement__c]","a2tKa000001HIsPIAW","005Ka000005rLzpIAE","false","a2tKa000001HIsP","USD","2026-04-02T14:54:19.000+0000","005Ka000005rLzpIAE","2026-04-02T14:54:19.000+0000","005Ka000005rLzpIAE","2026-04-02T14:54:19.000+0000","true","false","","","Car Care Essentials","Email Click","003Ka000042xbavIAA","","Clicked Wax Tutorial Link","","","2026-04-08T08:15:00.000+0000",""
"[Engagement__c]","a2tKa000001HIsQIAW","005Ka000005rLzpIAE","false","a2tKa000001HIsQ","USD","2026-04-02T14:54:19.000+0000","005Ka000005rLzpIAE","2026-04-02T14:54:19.000+0000","005Ka000005rLzpIAE","2026-04-02T14:54:19.000+0000","true","false","","","Seasonal Catalog","Email Click","003Ka000043GpbcIAC","","Opened April Sneak Peek","","","2026-03-31T12:00:00.000+0000",""
"[Engagement__c]","a2tKa000001HIsRIAW","005Ka000005rLzpIAE","false","a2tKa000001HIsR","USD","2026-04-02T14:54:19.000+0000","005Ka000005rLzpIAE","2026-04-02T14:54:19.000+0000","005Ka000005rLzpIAE","2026-04-02T14:54:19.000+0000","true","false","","","Summer Tire Fest 2026","Website Interaction","003Ka000043GpbdIAC","","Added BFGoodrich to Cart","a2sKa000001AA4kIAG","","2026-03-31T14:15:00.000+0000","Add to Cart"
"[Engagement__c]","a2tKa000001HIsSIAW","005Ka000005rLzpIAE","false","a2tKa000001HIsS","USD","2026-04-02T14:54:19.000+0000","005Ka000005rLzpIAE","2026-04-02T14:54:19.000+0000","005Ka000005rLzpIAE","2026-04-02T14:54:19.000+0000","true","false","","","Car Care Essentials","Website Interaction","003Ka000043GpbbIAC","","Viewed Tire Cleaners","a2sKa000001AA4jIAG","","2026-03-31T10:30:00.000+0000","Product Click"
"[Engagement__c]","a2tKa000001HIsTIAW","005Ka000005rLzpIAE","false","a2tKa000001HIsT","USD","2026-04-02T14:54:19.000+0000","005Ka000005rLzpIAE","2026-04-02T14:54:19.000+0000","005Ka000005rLzpIAE","2026-04-02T14:54:19.000+0000","true","false","","","Holiday Dashcam Sale","Offer Applied","003Ka000043GpbeIAC","TECH25","Used Tech Discount","a2sKa000001AA4fIAG","","2026-03-31T16:00:00.000+0000",""
"[Engagement__c]","a2tKa000001HIsUIAW","005Ka000005rLzpIAE","false","a2tKa000001HIsU","USD","2026-04-02T14:54:19.000+0000","005Ka000005rLzpIAE","2026-04-02T14:54:19.000+0000","005Ka000005rLzpIAE","2026-04-02T14:54:19.000+0000","true","false","","","","Website Interaction","003Ka000043GpbfIAC","","Searched for Jump Pack","","Portable Jump Pack","2026-03-31T17:30:00.000+0000","Search"
"[Engagement__c]","a2tKa000001HIsVIAW","005Ka000005rLzpIAE","false","a2tKa000001HIsV","USD","2026-04-02T14:54:19.000+0000","005Ka000005rLzpIAE","2026-04-02T14:54:19.000+0000","005Ka000005rLzpIAE","2026-04-02T14:54:19.000+0000","true","false","","","Audio Upgrade Month","Offer Applied","003Ka000043GpbVIAS","TECH25","Applied Audio Promo","a2sKa000001AA4cIAG","","2026-03-29T14:20:00.000+0000",""
"[Engagement__c]","a2tKa000001HIsWIAW","005Ka000005rLzpIAE","false","a2tKa000001HIsW","USD","2026-04-02T14:54:19.000+0000","005Ka000005rLzpIAE","2026-04-02T14:54:19.000+0000","005Ka000005rLzpIAE","2026-04-02T14:54:19.000+0000","true","false","","","","Website Interaction","003Ka000043GpbWIAS","","Searched for GPS","","Portable GPS","2026-03-29T16:15:00.000+0000","Search"
"[Engagement__c]","a2tKa000001HIsXIAW","005Ka000005rLzpIAE","false","a2tKa000001HIsX","USD","2026-04-02T14:54:19.000+0000","005Ka000005rLzpIAE","2026-04-02T14:54:19.000+0000","005Ka000005rLzpIAE","2026-04-02T14:54:19.000+0000","true","false","","","Summer Tire Fest 2026","Website Interaction","003Ka000043GpbXIAS","","Added Michelin to Cart","a2sKa000001AA4cIAG","","2026-03-30T09:00:00.000+0000","Add to Cart"
"[Engagement__c]","a2tKa000001HIsYIAW","005Ka000005rLzpIAE","false","a2tKa000001HIsY","USD","2026-04-02T14:54:19.000+0000","005Ka000005rLzpIAE","2026-04-02T14:54:19.000+0000","005Ka000005rLzpIAE","2026-04-02T14:54:19.000+0000","true","false","","","Spring Catalog","Email Click","003Ka000043GpbYIAS","","Opened Spring Catalog","","","2026-03-30T11:30:00.000+0000",""
"[Engagement__c]","a2tKa000001HIsZIAW","005Ka000005rLzpIAE","false","a2tKa000001HIsZ","USD","2026-04-02T14:54:19.000+0000","005Ka000005rLzpIAE","2026-04-02T14:54:19.000+0000","005Ka000005rLzpIAE","2026-04-02T14:54:19.000+0000","true","false","","","Oil Change Special","Website Interaction","003Ka000043GpbZIAS","","Viewed Valvoline Oil","a2sKa000001AA4jIAG","","2026-03-30T14:00:00.000+0000","Product Click"
"[Engagement__c]","a2tKa000001HIsaIAG","005Ka000005rLzpIAE","false","a2tKa000001HIsa","USD","2026-04-02T14:54:19.000+0000","005Ka000005rLzpIAE","2026-04-02T14:54:19.000+0000","005Ka000005rLzpIAE","2026-04-02T14:54:19.000+0000","true","false","","","","Website Interaction","003Ka000043GpbaIAC","","Searched for Battery","","Group 35 Battery","2026-03-30T16:45:00.000+0000","Search"
"[Engagement__c]","a2tKa000001HIsbIAG","005Ka000005rLzpIAE","false","a2tKa000001HIsb","USD","2026-04-02T14:54:19.000+0000","005Ka000005rLzpIAE","2026-04-02T14:54:19.000+0000","005Ka000005rLzpIAE","2026-04-02T14:54:19.000+0000","true","false","","","","Website Interaction","003Ka000043GpbbIAC","","Viewed Returns Policy","","","2026-03-22T09:15:00.000+0000","Page View"
"[Engagement__c]","a2tKa000001HIscIAG","005Ka000005rLzpIAE","false","a2tKa000001HIsc","USD","2026-04-02T14:54:19.000+0000","005Ka000005rLzpIAE","2026-04-02T14:54:19.000+0000","005Ka000005rLzpIAE","2026-04-02T14:54:19.000+0000","true","false","","","","Website Interaction","003Ka000043GpbcIAC","","Searched for Pressure","","Digital Gauge","2026-03-22T10:30:00.000+0000","Search"
"[Engagement__c]","a2tKa000001HIsdIAG","005Ka000005rLzpIAE","false","a2tKa000001HIsd","USD","2026-04-02T14:54:19.000+0000","005Ka000005rLzpIAE","2026-04-02T14:54:19.000+0000","005Ka000005rLzpIAE","2026-04-02T14:54:19.000+0000","true","false","","","Summer Tire Fest 2026","Website Interaction","003Ka000043GpbdIAC","","Viewed BFGoodrich","a2sKa000001AA4kIAG","","2026-03-22T12:00:00.000+0000","Product Click"
"[Engagement__c]","a2tKa000001HIseIAG","005Ka000005rLzpIAE","false","a2tKa000001HIse","USD","2026-04-02T14:54:19.000+0000","005Ka000005rLzpIAE","2026-04-02T14:54:19.000+0000","005Ka000005rLzpIAE","2026-04-02T14:54:19.000+0000","true","false","","","Audio Upgrade Month","Offer Applied","003Ka000043GpbeIAC","TECH10","Applied Tech Promo","a2sKa000001AA4cIAG","","2026-03-22T14:45:00.000+0000",""
"[Engagement__c]","a2tKa000001HIsfIAG","005Ka000005rLzpIAE","false","a2tKa000001HIsf","USD","2026-04-02T14:54:19.000+0000","005Ka000005rLzpIAE","2026-04-02T14:54:19.000+0000","005Ka000005rLzpIAE","2026-04-02T14:54:19.000+0000","true","false","","","Holiday Dashcam Sale","Website Interaction","003Ka000043GpbfIAC","","Added Dashcam to Cart","a2sKa000001AA4fIAG","","2026-03-23T08:10:00.000+0000","Add to Cart"
"[Engagement__c]","a2tKa000001HIsgIAG","005Ka000005rLzpIAE","false","a2tKa000001HIsg","USD","2026-04-02T14:54:19.000+0000","005Ka000005rLzpIAE","2026-04-02T14:54:19.000+0000","005Ka000005rLzpIAE","2026-04-02T14:54:19.000+0000","true","false","","","Summer Tire Fest 2026","Email Click","003Ka000043GpbgIAC","","Opened Tire Care News","a2sKa000001AA4cIAG","","2026-03-23T10:00:00.000+0000",""
"[Engagement__c]","a2tKa000001HIshIAG","005Ka000005rLzpIAE","false","a2tKa000001HIsh","USD","2026-04-02T14:54:19.000+0000","005Ka000005rLzpIAE","2026-04-02T14:54:19.000+0000","005Ka000005rLzpIAE","2026-04-02T14:54:19.000+0000","true","false","","","","Website Interaction","003Ka000043GpbhIAC","","Searched for Oil","","Royal Purple 5W-30","2026-03-23T11:20:00.000+0000","Search"
"[Engagement__c]","a2tKa000001HIsiIAG","005Ka000005rLzpIAE","false","a2tKa000001HIsi","USD","2026-04-02T14:54:19.000+0000","005Ka000005rLzpIAE","2026-04-02T14:54:19.000+0000","005Ka000005rLzpIAE","2026-04-02T14:54:19.000+0000","true","false","","","Audio Upgrade Month","Website Interaction","003Ka000042xbb7IAA","","Viewed Alpine Head Unit","a2sKa000001AA4cIAG","","2026-03-23T15:30:00.000+0000","Product Click"
"[Engagement__c]","a2tKa000001HIsjIAG","005Ka000005rLzpIAE","false","a2tKa000001HIsj","USD","2026-04-02T14:54:19.000+0000","005Ka000005rLzpIAE","2026-04-02T14:54:19.000+0000","005Ka000005rLzpIAE","2026-04-02T14:54:19.000+0000","true","false","","","","Website Interaction","003Ka000042xbauIAA","","Viewed Store Locator","","","2026-03-24T09:00:00.000+0000","Page View"