"_","Id","IsDeleted","Name","CurrencyIsoCode","CreatedDate","CreatedById","LastModifiedDate","LastModifiedById","SystemModstamp","MayEdit","IsLocked","LastViewedDate","LastReferencedDate","Order__c","Product__c","Quantity__c","Status__c","Total_Product_Amount__c"
"[Order_Item__c]","a2uKa0000007qHAIAY","false","OI-0178","USD","2026-04-02T14:15:29.000+0000","005Ka000005rLzpIAE","2026-04-02T14:15:29.000+0000","005Ka000005rLzpIAE","2026-04-02T14:15:29.000+0000","true","false","","","a2rKa00000AX6K6IAL","","","",""
"[Order_Item__c]","a2uKa0000007qHBIAY","false","OI-0179","USD","2026-04-02T14:15:29.000+0000","005Ka000005rLzpIAE","2026-04-02T14:15:29.000+0000","005Ka000005rLzpIAE","2026-04-02T14:15:29.000+0000","true","false","","","a2rKa00000AX6KYIA1","a2sKa000001AA4iIAG","1","","168.5"
"[Order_Item__c]","a2uKa0000007qHCIAY","false","OI-0180","USD","2026-04-02T14:15:29.000+0000","005Ka000005rLzpIAE","2026-04-02T14:15:29.000+0000","005Ka000005rLzpIAE","2026-04-02T14:15:29.000+0000","true","false","","","a2rKa00000AX6K7IAL","","","",""
"[Order_Item__c]","a2uKa0000007qHDIAY","false","OI-0181","USD","2026-04-02T14:15:29.000+0000","005Ka000005rLzpIAE","2026-04-02T14:15:29.000+0000","005Ka000005rLzpIAE","2026-04-02T14:15:29.000+0000","true","false","","","a2rKa00000AX6K7IAL","","","",""
"[Order_Item__c]","a2uKa0000007qHEIAY","false","OI-0182","USD","2026-04-02T14:15:29.000+0000","005Ka000005rLzpIAE","2026-04-02T14:15:29.000+0000","005Ka000005rLzpIAE","2026-04-02T14:15:29.000+0000","true","false","","","a2rKa00000AX6KWIA1","a2sKa000001AA4cIAG","1","Returned","189.99"
"[Order_Item__c]","a2uKa0000007qHFIAY","false","OI-0183","USD","2026-04-02T14:15:29.000+0000","005Ka000005rLzpIAE","2026-04-02T14:15:29.000+0000","005Ka000005rLzpIAE","2026-04-02T14:15:29.000+0000","true","false","","","a2rKa00000AX6KWIA1","a2sKa000001AA4dIAG","1","Cancelled","215.5"
"[Order_Item__c]","a2uKa0000007qHGIAY","false","OI-0184","USD","2026-04-02T14:15:29.000+0000","005Ka000005rLzpIAE","2026-04-02T14:15:29.000+0000","005Ka000005rLzpIAE","2026-04-02T14:15:29.000+0000","true","false","","","a2rKa00000AX6KcIAL","a2sKa000001AA4cIAG","2","","379.98"
"[Order_Item__c]","a2uKa0000007qHHIAY","false","OI-0185","USD","2026-04-02T14:15:29.000+0000","005Ka000005rLzpIAE","2026-04-02T14:15:29.000+0000","005Ka000005rLzpIAE","2026-04-02T14:15:29.000+0000","true","false","","","a2rKa00000AX6KaIAL","a2sKa000001AA4eIAG","1","","299"
"[Order_Item__c]","a2uKa0000007qHIIAY","false","OI-0186","USD","2026-04-02T14:15:29.000+0000","005Ka000005rLzpIAE","2026-04-02T14:15:29.000+0000","005Ka000005rLzpIAE","2026-04-02T14:15:29.000+0000","true","false","","","a2rKa00000AX6KaIAL","a2sKa000001AA4dIAG","6","","1293"
"[Order_Item__c]","a2uKa0000007qHJIAY","false","OI-0187","USD","2026-04-02T14:15:29.000+0000","005Ka000005rLzpIAE","2026-04-02T14:15:29.000+0000","005Ka000005rLzpIAE","2026-04-02T14:15:29.000+0000","true","false","","","a2rKa00000AX6KbIAL","a2sKa000001AA4eIAG","2","","598"
"[Order_Item__c]","a2uKa0000007qHKIAY","false","OI-0188","USD","2026-04-02T14:15:29.000+0000","005Ka000005rLzpIAE","2026-04-02T14:15:29.000+0000","005Ka000005rLzpIAE","2026-04-02T14:15:29.000+0000","true","false","","","a2rKa00000AX6KdIAL","a2sKa000001AA4cIAG","2","","379.98"
"[Order_Item__c]","a2uKa0000007qHLIAY","false","OI-0189","USD","2026-04-02T14:15:29.000+0000","005Ka000005rLzpIAE","2026-04-02T14:15:29.000+0000","005Ka000005rLzpIAE","2026-04-02T14:15:29.000+0000","true","false","","","a2rKa00000AX6LeIAL","a2sKa000001AA4wIAG","2","","259.98"
"[Order_Item__c]","a2uKa0000007qHMIAY","false","OI-0190","USD","2026-04-02T14:15:29.000+0000","005Ka000005rLzpIAE","2026-04-02T14:15:29.000+0000","005Ka000005rLzpIAE","2026-04-02T14:15:29.000+0000","true","false","","","a2rKa00000AX6KeIAL","a2sKa000001AA4cIAG","4","","759.96"
"[Order_Item__c]","a2uKa0000007qHNIAY","false","OI-0191","USD","2026-04-02T14:15:29.000+0000","005Ka000005rLzpIAE","2026-04-02T14:15:29.000+0000","005Ka000005rLzpIAE","2026-04-02T14:15:29.000+0000","true","false","","","a2rKa00000AX6KfIAL","a2sKa000001AA4dIAG","4","","862"
"[Order_Item__c]","a2uKa0000007qHOIAY","false","OI-0192","USD","2026-04-02T14:15:29.000+0000","005Ka000005rLzpIAE","2026-04-02T14:15:29.000+0000","005Ka000005rLzpIAE","2026-04-02T14:15:29.000+0000","true","false","","","a2rKa00000AX6KgIAL","a2sKa000001AA4eIAG","2","","598"
"[Order_Item__c]","a2uKa0000007qHPIAY","false","OI-0193","USD","2026-04-02T14:15:29.000+0000","005Ka000005rLzpIAE","2026-04-02T14:15:29.000+0000","005Ka000005rLzpIAE","2026-04-02T14:15:29.000+0000","true","false","","","a2rKa00000AX6KhIAL","a2sKa000001AA4fIAG","4","","620"
"[Order_Item__c]","a2uKa0000007qHQIAY","false","OI-0194","USD","2026-04-02T14:15:29.000+0000","005Ka000005rLzpIAE","2026-04-02T14:15:29.000+0000","005Ka000005rLzpIAE","2026-04-02T14:15:29.000+0000","true","false","","","a2rKa00000AX6KiIAL","a2sKa000001AA4gIAG","4","","583.96"
"[Order_Item__c]","a2uKa0000007qHRIAY","false","OI-0195","USD","2026-04-02T14:15:29.000+0000","005Ka000005rLzpIAE","2026-04-02T14:15:29.000+0000","005Ka000005rLzpIAE","2026-04-02T14:15:29.000+0000","true","false","","","a2rKa00000AX6KjIAL","a2sKa000001AA4hIAG","4","","540"
"[Order_Item__c]","a2uKa0000007qHSIAY","false","OI-0196","USD","2026-04-02T14:15:29.000+0000","005Ka000005rLzpIAE","2026-04-02T14:15:29.000+0000","005Ka000005rLzpIAE","2026-04-02T14:15:29.000+0000","true","false","","","a2rKa00000AX6KkIAL","a2sKa000001AA4iIAG","1","","168.5"
"[Order_Item__c]","a2uKa0000007qHTIAY","false","OI-0197","USD","2026-04-02T14:15:29.000+0000","005Ka000005rLzpIAE","2026-04-02T14:15:29.000+0000","005Ka000005rLzpIAE","2026-04-02T14:15:29.000+0000","true","false","","","a2rKa00000AX6KlIAL","a2sKa000001AA4jIAG","4","","440"
"[Order_Item__c]","a2uKa0000007qHUIAY","false","OI-0198","USD","2026-04-02T14:15:29.000+0000","005Ka000005rLzpIAE","2026-04-02T14:15:29.000+0000","005Ka000005rLzpIAE","2026-04-02T14:15:29.000+0000","true","false","","","a2rKa00000AX6KmIAL","a2sKa000001AA4kIAG","4","","500"
"[Order_Item__c]","a2uKa0000007qHVIAY","false","OI-0199","USD","2026-04-02T14:15:29.000+0000","005Ka000005rLzpIAE","2026-04-02T14:15:29.000+0000","005Ka000005rLzpIAE","2026-04-02T14:15:29.000+0000","true","false","","","a2rKa00000AX6KnIAL","a2sKa000001AA4lIAG","4","","568"
"[Order_Item__c]","a2uKa0000007qHWIAY","false","OI-0200","USD","2026-04-02T14:15:29.000+0000","005Ka000005rLzpIAE","2026-04-02T14:15:29.000+0000","005Ka000005rLzpIAE","2026-04-02T14:15:29.000+0000","true","false","","","a2rKa00000AX6KoIAL","a2sKa000001AA4mIAG","3","","104.97"
"[Order_Item__c]","a2uKa0000007qHXIAY","false","OI-0201","USD","2026-04-02T14:15:29.000+0000","005Ka000005rLzpIAE","2026-04-02T14:15:29.000+0000","005Ka000005rLzpIAE","2026-04-02T14:15:29.000+0000","true","false","","","a2rKa00000AX6KpIAL","a2sKa000001AA4nIAG","2","","77"
"[Order_Item__c]","a2uKa0000007qHYIAY","false","OI-0202","USD","2026-04-02T14:15:29.000+0000","005Ka000005rLzpIAE","2026-04-02T14:15:29.000+0000","005Ka000005rLzpIAE","2026-04-02T14:15:29.000+0000","true","false","","","a2rKa00000AX6KqIAL","a2sKa000001AA4oIAG","5","","140"
"[Order_Item__c]","a2uKa0000007qHZIAY","false","OI-0203","USD","2026-04-02T14:15:29.000+0000","005Ka000005rLzpIAE","2026-04-02T14:15:29.000+0000","005Ka000005rLzpIAE","2026-04-02T14:15:29.000+0000","true","false","","","a2rKa00000AX6KrIAL","a2sKa000001AA4pIAG","1","","32.99"
"[Order_Item__c]","a2uKa0000007qHaIAI","false","OI-0204","USD","2026-04-02T14:15:29.000+0000","005Ka000005rLzpIAE","2026-04-02T14:15:29.000+0000","005Ka000005rLzpIAE","2026-04-02T14:15:29.000+0000","true","false","","","a2rKa00000AX6KsIAL","a2sKa000001AA4qIAG","2","","49"
"[Order_Item__c]","a2uKa0000007qHbIAI","false","OI-0205","USD","2026-04-02T14:15:29.000+0000","005Ka000005rLzpIAE","2026-04-02T14:15:29.000+0000","005Ka000005rLzpIAE","2026-04-02T14:15:29.000+0000","true","false","","","a2rKa00000AX6KtIAL","a2sKa000001AA4rIAG","4","","208"
"[Order_Item__c]","a2uKa0000007qHcIAI","false","OI-0206","USD","2026-04-02T14:15:29.000+0000","005Ka000005rLzpIAE","2026-04-02T14:15:29.000+0000","005Ka000005rLzpIAE","2026-04-02T14:15:29.000+0000","true","false","","","a2rKa00000AX6KuIAL","a2sKa000001AA4sIAG","2","","52"
"[Order_Item__c]","a2uKa0000007qHdIAI","false","OI-0207","USD","2026-04-02T14:15:29.000+0000","005Ka000005rLzpIAE","2026-04-02T14:15:29.000+0000","005Ka000005rLzpIAE","2026-04-02T14:15:29.000+0000","true","false","","","a2rKa00000AX6KvIAL","a2sKa000001AA4tIAG","1","","48"
"[Order_Item__c]","a2uKa0000007qHeIAI","false","OI-0208","USD","2026-04-02T14:15:29.000+0000","005Ka000005rLzpIAE","2026-04-02T14:15:29.000+0000","005Ka000005rLzpIAE","2026-04-02T14:15:29.000+0000","true","false","","","a2rKa00000AX6KwIAL","a2sKa000001AA4uIAG","6","","137.94"
"[Order_Item__c]","a2uKa0000007qHfIAI","false","OI-0209","USD","2026-04-02T14:15:29.000+0000","005Ka000005rLzpIAE","2026-04-02T14:15:29.000+0000","005Ka000005rLzpIAE","2026-04-02T14:15:29.000+0000","true","false","","","a2rKa00000AX6KxIAL","a2sKa000001AA4vIAG","1","","899.99"
"[Order_Item__c]","a2uKa0000007qHgIAI","false","OI-0210","USD","2026-04-02T14:15:29.000+0000","005Ka000005rLzpIAE","2026-04-02T14:15:29.000+0000","005Ka000005rLzpIAE","2026-04-02T14:15:29.000+0000","true","false","","","a2rKa00000AX6KyIAL","a2sKa000001AA4wIAG","1","","129.99"
"[Order_Item__c]","a2uKa0000007qHhIAI","false","OI-0211","USD","2026-04-02T14:15:29.000+0000","005Ka000005rLzpIAE","2026-04-02T14:15:29.000+0000","005Ka000005rLzpIAE","2026-04-02T14:15:29.000+0000","true","false","","","a2rKa00000AX6KzIAL","a2sKa000001AA4xIAG","1","","169"
"[Order_Item__c]","a2uKa0000007qHiIAI","false","OI-0212","USD","2026-04-02T14:15:29.000+0000","005Ka000005rLzpIAE","2026-04-02T14:15:29.000+0000","005Ka000005rLzpIAE","2026-04-02T14:15:29.000+0000","true","false","","","a2rKa00000AX6L0IAL","a2sKa000001AA4yIAG","1","","449"
"[Order_Item__c]","a2uKa0000007qHjIAI","false","OI-0213","USD","2026-04-02T14:15:29.000+0000","005Ka000005rLzpIAE","2026-04-02T14:15:29.000+0000","005Ka000005rLzpIAE","2026-04-02T14:15:29.000+0000","true","false","","","a2rKa00000AX6L1IAL","a2sKa000001AA4zIAG","2","","199.9"
"[Order_Item__c]","a2uKa0000007qHkIAI","false","OI-0214","USD","2026-04-02T14:15:29.000+0000","005Ka000005rLzpIAE","2026-04-02T14:15:29.000+0000","005Ka000005rLzpIAE","2026-04-02T14:15:29.000+0000","true","false","","","a2rKa00000AX6L2IAL","a2sKa000001AA50IAG","1","","549.99"
"[Order_Item__c]","a2uKa0000007qHlIAI","false","OI-0215","USD","2026-04-02T14:15:29.000+0000","005Ka000005rLzpIAE","2026-04-02T14:15:29.000+0000","005Ka000005rLzpIAE","2026-04-02T14:15:29.000+0000","true","false","","","a2rKa00000AX6L3IAL","a2sKa000001AA51IAG","1","","399.99"
"[Order_Item__c]","a2uKa0000007qHmIAI","false","OI-0216","USD","2026-04-02T14:15:29.000+0000","005Ka000005rLzpIAE","2026-04-02T14:15:29.000+0000","005Ka000005rLzpIAE","2026-04-02T14:15:29.000+0000","true","false","","","a2rKa00000AX6L4IAL","a2sKa000001AA52IAG","2","","498"
"[Order_Item__c]","a2uKa0000007qHnIAI","false","OI-0217","USD","2026-04-02T14:15:29.000+0000","005Ka000005rLzpIAE","2026-04-02T14:15:29.000+0000","005Ka000005rLzpIAE","2026-04-02T14:15:29.000+0000","true","false","","","a2rKa00000AX6L5IAL","a2sKa000001AA53IAG","1","","149"
"[Order_Item__c]","a2uKa0000007qHoIAI","false","OI-0218","USD","2026-04-02T14:15:29.000+0000","005Ka000005rLzpIAE","2026-04-02T14:15:29.000+0000","005Ka000005rLzpIAE","2026-04-02T14:15:29.000+0000","true","false","","","a2rKa00000AX6L6IAL","a2sKa000001AA54IAG","1","","89.99"
"[Order_Item__c]","a2uKa0000007qHpIAI","false","OI-0219","USD","2026-04-02T14:15:29.000+0000","005Ka000005rLzpIAE","2026-04-02T14:15:29.000+0000","005Ka000005rLzpIAE","2026-04-02T14:15:29.000+0000","true","false","","","a2rKa00000AX6L7IAL","a2sKa000001AA55IAG","3","","44.97"
"[Order_Item__c]","a2uKa0000007qHqIAI","false","OI-0220","USD","2026-04-02T14:15:29.000+0000","005Ka000005rLzpIAE","2026-04-02T14:15:29.000+0000","005Ka000005rLzpIAE","2026-04-02T14:15:29.000+0000","true","false","","","a2rKa00000AX6L8IAL","a2sKa000001AA56IAG","2","","25"
"[Order_Item__c]","a2uKa0000007qHrIAI","false","OI-0221","USD","2026-04-02T14:15:29.000+0000","005Ka000005rLzpIAE","2026-04-02T14:15:29.000+0000","005Ka000005rLzpIAE","2026-04-02T14:15:29.000+0000","true","false","","","a2rKa00000AX6L9IAL","a2sKa000001AA57IAG","1","","18.99"
"[Order_Item__c]","a2uKa0000007qHsIAI","false","OI-0222","USD","2026-04-02T14:15:29.000+0000","005Ka000005rLzpIAE","2026-04-02T14:15:29.000+0000","005Ka000005rLzpIAE","2026-04-02T14:15:29.000+0000","true","false","","","a2rKa00000AX6LAIA1","a2sKa000001AA58IAG","1","","22"
"[Order_Item__c]","a2uKa0000007qHtIAI","false","OI-0223","USD","2026-04-02T14:15:29.000+0000","005Ka000005rLzpIAE","2026-04-02T14:15:29.000+0000","005Ka000005rLzpIAE","2026-04-02T14:15:29.000+0000","true","false","","","a2rKa00000AX6LBIA1","a2sKa000001AA59IAG","4","","62"
"[Order_Item__c]","a2uKa0000007qHuIAI","false","OI-0224","USD","2026-04-02T14:15:29.000+0000","005Ka000005rLzpIAE","2026-04-02T14:15:29.000+0000","005Ka000005rLzpIAE","2026-04-02T14:15:29.000+0000","true","false","","","a2rKa00000AX6LCIA1","a2sKa000001AA5AIAW","2","","35.98"
"[Order_Item__c]","a2uKa0000007qHvIAI","false","OI-0225","USD","2026-04-02T14:15:29.000+0000","005Ka000005rLzpIAE","2026-04-02T14:15:29.000+0000","005Ka000005rLzpIAE","2026-04-02T14:15:29.000+0000","true","false","","","a2rKa00000AX6LDIA1","a2sKa000001AA5BIAW","5","","49.95"
"[Order_Item__c]","a2uKa0000007qHwIAI","false","OI-0226","USD","2026-04-02T14:15:29.000+0000","005Ka000005rLzpIAE","2026-04-02T14:15:29.000+0000","005Ka000005rLzpIAE","2026-04-02T14:15:29.000+0000","true","false","","","a2rKa00000AX6LEIA1","a2sKa000001AA5CIAW","1","","24"
"[Order_Item__c]","a2uKa0000007qHxIAI","false","OI-0227","USD","2026-04-02T14:15:29.000+0000","005Ka000005rLzpIAE","2026-04-02T14:15:29.000+0000","005Ka000005rLzpIAE","2026-04-02T14:15:29.000+0000","true","false","","","a2rKa00000AX6LFIA1","a2sKa000001AA5DIAW","2","","70"
"[Order_Item__c]","a2uKa0000007qHyIAI","false","OI-0228","USD","2026-04-02T14:15:29.000+0000","005Ka000005rLzpIAE","2026-04-02T14:15:29.000+0000","005Ka000005rLzpIAE","2026-04-02T14:15:29.000+0000","true","false","2026-04-06T17:57:32.000+0000","2026-04-06T17:57:32.000+0000","a2rKa00000AX6LGIA1","a2sKa000001AA5EIAW","1","","13"
"[Order_Item__c]","a2uKa0000007qHzIAI","false","OI-0229","USD","2026-04-02T14:15:29.000+0000","005Ka000005rLzpIAE","2026-04-02T14:15:29.000+0000","005Ka000005rLzpIAE","2026-04-02T14:15:29.000+0000","true","false","","","a2rKa00000AX6LHIA1","a2sKa000001AA5FIAW","6","","270"
"[Order_Item__c]","a2uKa0000007qI0IAI","false","OI-0230","USD","2026-04-02T14:15:29.000+0000","005Ka000005rLzpIAE","2026-04-02T14:15:29.000+0000","005Ka000005rLzpIAE","2026-04-02T14:15:29.000+0000","true","false","","","a2rKa00000AX6LIIA1","a2sKa000001AA4cIAG","4","","759.96"
"[Order_Item__c]","a2uKa0000007qI1IAI","false","OI-0231","USD","2026-04-02T14:15:29.000+0000","005Ka000005rLzpIAE","2026-04-02T14:15:29.000+0000","005Ka000005rLzpIAE","2026-04-02T14:15:29.000+0000","true","false","","","a2rKa00000AX6LJIA1","a2sKa000001AA4mIAG","2","","69.98"
"[Order_Item__c]","a2uKa0000007qI2IAI","false","OI-0232","USD","2026-04-02T14:15:29.000+0000","005Ka000005rLzpIAE","2026-04-02T14:15:29.000+0000","005Ka000005rLzpIAE","2026-04-02T14:15:29.000+0000","true","false","","","a2rKa00000AX6LKIA1","a2sKa000001AA4wIAG","1","","129.99"
"[Order_Item__c]","a2uKa0000007qI3IAI","false","OI-0233","USD","2026-04-02T14:15:29.000+0000","005Ka000005rLzpIAE","2026-04-02T14:15:29.000+0000","005Ka000005rLzpIAE","2026-04-02T14:15:29.000+0000","true","false","","","a2rKa00000AX6LLIA1","a2sKa000001AA55IAG","3","","44.97"
"[Order_Item__c]","a2uKa0000007qI4IAI","false","OI-0234","USD","2026-04-02T14:15:29.000+0000","005Ka000005rLzpIAE","2026-04-02T14:15:29.000+0000","005Ka000005rLzpIAE","2026-04-02T14:15:29.000+0000","true","false","","","a2rKa00000AX6LMIA1","a2sKa000001AA4zIAG","2","","199.9"
"[Order_Item__c]","a2uKa0000007qI5IAI","false","OI-0235","USD","2026-04-02T14:15:29.000+0000","005Ka000005rLzpIAE","2026-04-02T14:15:29.000+0000","005Ka000005rLzpIAE","2026-04-02T14:15:29.000+0000","true","false","","","a2rKa00000AX6LNIA1","a2sKa000001AA4qIAG","4","","98"
"[Order_Item__c]","a2uKa0000007qI6IAI","false","OI-0236","USD","2026-04-02T14:15:29.000+0000","005Ka000005rLzpIAE","2026-04-02T14:15:29.000+0000","005Ka000005rLzpIAE","2026-04-02T14:15:29.000+0000","true","false","","","a2rKa00000AX6LOIA1","a2sKa000001AA4oIAG","2","","56"
"[Order_Item__c]","a2uKa0000007qI7IAI","false","OI-0237","USD","2026-04-02T14:15:29.000+0000","005Ka000005rLzpIAE","2026-04-02T14:15:29.000+0000","005Ka000005rLzpIAE","2026-04-02T14:15:29.000+0000","true","false","","","a2rKa00000AX6LPIA1","a2sKa000001AA4cIAG","4","","759.96"
"[Order_Item__c]","a2uKa0000007qI8IAI","false","OI-0238","USD","2026-04-02T14:15:29.000+0000","005Ka000005rLzpIAE","2026-04-02T14:15:29.000+0000","005Ka000005rLzpIAE","2026-04-02T14:15:29.000+0000","true","false","","","a2rKa00000AX6LQIA1","a2sKa000001AA4vIAG","1","","899.99"
"[Order_Item__c]","a2uKa0000007qI9IAI","false","OI-0239","USD","2026-04-02T14:15:29.000+0000","005Ka000005rLzpIAE","2026-04-02T14:15:29.000+0000","005Ka000005rLzpIAE","2026-04-02T14:15:29.000+0000","true","false","","","a2rKa00000AX6LRIA1","a2sKa000001AA5FIAW","3","","135"
"[Order_Item__c]","a2uKa0000007qIAIAY","false","OI-0240","USD","2026-04-02T14:15:29.000+0000","005Ka000005rLzpIAE","2026-04-02T14:15:29.000+0000","005Ka000005rLzpIAE","2026-04-02T14:15:29.000+0000","true","false","","","a2rKa00000AX6LSIA1","a2sKa000001AA4cIAG","2","","379.98"
"[Order_Item__c]","a2uKa0000007qIBIAY","false","OI-0241","USD","2026-04-02T14:15:29.000+0000","005Ka000005rLzpIAE","2026-04-02T14:15:29.000+0000","005Ka000005rLzpIAE","2026-04-02T14:15:29.000+0000","true","false","","","a2rKa00000AX6LSIA1","a2sKa000001AA4dIAG","2","","431"
"[Order_Item__c]","a2uKa0000007qICIAY","false","OI-0242","USD","2026-04-02T14:15:29.000+0000","005Ka000005rLzpIAE","2026-04-02T14:15:29.000+0000","005Ka000005rLzpIAE","2026-04-02T14:15:29.000+0000","true","false","","","a2rKa00000AX6LTIA1","a2sKa000001AA4dIAG","2","Cancelled","431"
"[Order_Item__c]","a2uKa0000007qIDIAY","false","OI-0243","USD","2026-04-02T14:15:29.000+0000","005Ka000005rLzpIAE","2026-04-02T14:15:29.000+0000","005Ka000005rLzpIAE","2026-04-02T14:15:29.000+0000","true","false","","","a2rKa00000AX6LUIA1","a2sKa000001AA4cIAG","2","Returned","379.98"
"[Order_Item__c]","a2uKa0000007qIEIAY","false","OI-0244","USD","2026-04-02T14:15:29.000+0000","005Ka000005rLzpIAE","2026-04-02T14:15:29.000+0000","005Ka000005rLzpIAE","2026-04-02T14:15:29.000+0000","true","false","","","a2rKa00000AX6LVIA1","a2sKa000001AA4cIAG","2","","379.98"
"[Order_Item__c]","a2uKa0000007qIFIAY","false","OI-0245","USD","2026-04-02T14:15:29.000+0000","005Ka000005rLzpIAE","2026-04-02T14:15:29.000+0000","005Ka000005rLzpIAE","2026-04-02T14:15:29.000+0000","true","false","","","a2rKa00000AX6LWIA1","a2sKa000001AA4jIAG","2","","220"
"[Order_Item__c]","a2uKa0000007qIGIAY","false","OI-0246","USD","2026-04-02T14:15:29.000+0000","005Ka000005rLzpIAE","2026-04-02T14:15:29.000+0000","005Ka000005rLzpIAE","2026-04-02T14:15:29.000+0000","true","false","","","a2rKa00000AX6LXIA1","a2sKa000001AA4eIAG","2","","598"
"[Order_Item__c]","a2uKa0000007qIHIAY","false","OI-0247","USD","2026-04-02T14:15:29.000+0000","005Ka000005rLzpIAE","2026-04-02T14:15:29.000+0000","005Ka000005rLzpIAE","2026-04-02T14:15:29.000+0000","true","false","","","a2rKa00000AX6LYIA1","a2sKa000001AA4dIAG","2","","431"
"[Order_Item__c]","a2uKa0000007qIIIAY","false","OI-0248","USD","2026-04-02T14:15:29.000+0000","005Ka000005rLzpIAE","2026-04-02T14:15:29.000+0000","005Ka000005rLzpIAE","2026-04-02T14:15:29.000+0000","true","false","","","a2rKa00000AX6LZIA1","a2sKa000001AA4dIAG","2","","431"
"[Order_Item__c]","a2uKa0000007qIJIAY","false","OI-0249","USD","2026-04-02T14:15:29.000+0000","005Ka000005rLzpIAE","2026-04-02T14:15:29.000+0000","005Ka000005rLzpIAE","2026-04-02T14:15:29.000+0000","true","false","","","a2rKa00000AX6LaIAL","a2sKa000001AA4cIAG","2","","379.98"
"[Order_Item__c]","a2uKa0000007qIKIAY","false","OI-0250","USD","2026-04-02T14:15:29.000+0000","005Ka000005rLzpIAE","2026-04-02T14:15:29.000+0000","005Ka000005rLzpIAE","2026-04-02T14:15:29.000+0000","true","false","","","a2rKa00000AX6LaIAL","a2sKa000001AA4wIAG","2","","259.98"
"[Order_Item__c]","a2uKa0000007qILIAY","false","OI-0251","USD","2026-04-02T14:15:29.000+0000","005Ka000005rLzpIAE","2026-04-02T14:15:29.000+0000","005Ka000005rLzpIAE","2026-04-02T14:15:29.000+0000","true","false","","","a2rKa00000AX6LaIAL","a2sKa000001AA4mIAG","6","","209.94"
"[Order_Item__c]","a2uKa0000007qIMIAY","false","OI-0252","USD","2026-04-02T14:15:29.000+0000","005Ka000005rLzpIAE","2026-04-02T14:15:29.000+0000","005Ka000005rLzpIAE","2026-04-02T14:15:29.000+0000","true","false","","","a2rKa00000AX6LaIAL","a2sKa000001AA4oIAG","3","","84"
"[Order_Item__c]","a2uKa0000007qINIAY","false","OI-0253","USD","2026-04-02T14:15:29.000+0000","005Ka000005rLzpIAE","2026-04-02T14:15:29.000+0000","005Ka000005rLzpIAE","2026-04-02T14:15:29.000+0000","true","false","","","a2rKa00000AX6LbIAL","a2sKa000001AA5CIAW","2","","48"
"[Order_Item__c]","a2uKa0000007qIOIAY","false","OI-0254","USD","2026-04-02T14:15:29.000+0000","005Ka000005rLzpIAE","2026-04-02T14:15:29.000+0000","005Ka000005rLzpIAE","2026-04-02T14:15:29.000+0000","true","false","","","a2rKa00000AX6LbIAL","a2sKa000001AA4tIAG","2","","96"
"[Order_Item__c]","a2uKa0000007qIPIAY","false","OI-0255","USD","2026-04-02T14:15:29.000+0000","005Ka000005rLzpIAE","2026-04-02T14:15:29.000+0000","005Ka000005rLzpIAE","2026-04-02T14:15:29.000+0000","true","false","","","a2rKa00000AX6LcIAL","a2sKa000001AA5FIAW","2","","90"
"[Order_Item__c]","a2uKa0000007qIQIAY","false","OI-0256","USD","2026-04-02T14:15:29.000+0000","005Ka000005rLzpIAE","2026-04-02T14:15:29.000+0000","005Ka000005rLzpIAE","2026-04-02T14:15:29.000+0000","true","false","","","a2rKa00000AX6LcIAL","a2sKa000001AA4mIAG","2","","69.98"
"[Order_Item__c]","a2uKa0000007qIRIAY","false","OI-0257","USD","2026-04-02T14:15:29.000+0000","005Ka000005rLzpIAE","2026-04-02T14:15:29.000+0000","005Ka000005rLzpIAE","2026-04-02T14:15:29.000+0000","true","false","","","a2rKa00000AX6LdIAL","a2sKa000001AA4tIAG","2","","96"
"[Order_Item__c]","a2uKa0000007qISIAY","false","OI-0258","USD","2026-04-02T14:15:29.000+0000","005Ka000005rLzpIAE","2026-04-02T14:15:29.000+0000","005Ka000005rLzpIAE","2026-04-02T14:15:29.000+0000","true","false","","","a2rKa00000AX6LdIAL","a2sKa000001AA4cIAG","2","","379.98"
"[Order_Item__c]","a2uKa0000007qITIAY","false","OI-0259","USD","2026-04-02T14:15:29.000+0000","005Ka000005rLzpIAE","2026-04-02T14:15:29.000+0000","005Ka000005rLzpIAE","2026-04-02T14:15:29.000+0000","true","false","","","a2rKa00000AX6LfIAL","a2sKa000001AA4mIAG","2","","69.98"
"[Order_Item__c]","a2uKa0000007qGOIAY","false","OI-0130","USD","2026-04-02T14:15:29.000+0000","005Ka000005rLzpIAE","2026-04-02T14:15:29.000+0000","005Ka000005rLzpIAE","2026-04-02T14:15:29.000+0000","true","false","2026-04-06T17:57:07.000+0000","2026-04-06T17:57:07.000+0000","a2rKa00000AX6KAIA1","","","",""
"[Order_Item__c]","a2uKa0000007qGPIAY","false","OI-0131","USD","2026-04-02T14:15:29.000+0000","005Ka000005rLzpIAE","2026-04-02T14:15:29.000+0000","005Ka000005rLzpIAE","2026-04-02T14:15:29.000+0000","true","false","","","a2rKa00000AX6KCIA1","","","",""
"[Order_Item__c]","a2uKa0000007qGQIAY","false","OI-0132","USD","2026-04-02T14:15:29.000+0000","005Ka000005rLzpIAE","2026-04-02T14:15:29.000+0000","005Ka000005rLzpIAE","2026-04-02T14:15:29.000+0000","true","false","","","a2rKa00000AX6KBIA1","","","",""
"[Order_Item__c]","a2uKa0000007qGRIAY","false","OI-0133","USD","2026-04-02T14:15:29.000+0000","005Ka000005rLzpIAE","2026-04-02T14:15:29.000+0000","005Ka000005rLzpIAE","2026-04-02T14:15:29.000+0000","true","false","","","a2rKa00000AX6KBIA1","","","",""
"[Order_Item__c]","a2uKa0000007qGSIAY","false","OI-0134","USD","2026-04-02T14:15:29.000+0000","005Ka000005rLzpIAE","2026-04-02T14:15:29.000+0000","005Ka000005rLzpIAE","2026-04-02T14:15:29.000+0000","true","false","","","a2rKa00000AX6KNIA1","","","",""
"[Order_Item__c]","a2uKa0000007qGTIAY","false","OI-0135","USD","2026-04-02T14:15:29.000+0000","005Ka000005rLzpIAE","2026-04-02T14:15:29.000+0000","005Ka000005rLzpIAE","2026-04-02T14:15:29.000+0000","true","false","","","a2rKa00000AX6KDIA1","","","",""
"[Order_Item__c]","a2uKa0000007qGUIAY","false","OI-0136","USD","2026-04-02T14:15:29.000+0000","005Ka000005rLzpIAE","2026-04-02T14:15:29.000+0000","005Ka000005rLzpIAE","2026-04-02T14:15:29.000+0000","true","false","","","a2rKa00000AX6KDIA1","","","",""
"[Order_Item__c]","a2uKa0000007qGVIAY","false","OI-0137","USD","2026-04-02T14:15:29.000+0000","005Ka000005rLzpIAE","2026-04-02T14:15:29.000+0000","005Ka000005rLzpIAE","2026-04-02T14:15:29.000+0000","true","false","","","a2rKa00000AX6KEIA1","","","",""
"[Order_Item__c]","a2uKa0000007qGWIAY","false","OI-0138","USD","2026-04-02T14:15:29.000+0000","005Ka000005rLzpIAE","2026-04-02T14:15:29.000+0000","005Ka000005rLzpIAE","2026-04-02T14:15:29.000+0000","true","false","","","a2rKa00000AX6KEIA1","","","",""
"[Order_Item__c]","a2uKa0000007qGXIAY","false","OI-0139","USD","2026-04-02T14:15:29.000+0000","005Ka000005rLzpIAE","2026-04-02T14:15:29.000+0000","005Ka000005rLzpIAE","2026-04-02T14:15:29.000+0000","true","false","","","a2rKa00000AX6KFIA1","","","",""
"[Order_Item__c]","a2uKa0000007qGYIAY","false","OI-0140","USD","2026-04-02T14:15:29.000+0000","005Ka000005rLzpIAE","2026-04-02T14:15:29.000+0000","005Ka000005rLzpIAE","2026-04-02T14:15:29.000+0000","true","false","","","a2rKa00000AX6KFIA1","","","",""
"[Order_Item__c]","a2uKa0000007qGZIAY","false","OI-0141","USD","2026-04-02T14:15:29.000+0000","005Ka000005rLzpIAE","2026-04-02T14:15:29.000+0000","005Ka000005rLzpIAE","2026-04-02T14:15:29.000+0000","true","false","","","a2rKa00000AX6KGIA1","","","",""
"[Order_Item__c]","a2uKa0000007qGaIAI","false","OI-0142","USD","2026-04-02T14:15:29.000+0000","005Ka000005rLzpIAE","2026-04-02T14:15:29.000+0000","005Ka000005rLzpIAE","2026-04-02T14:15:29.000+0000","true","false","","","a2rKa00000AX6KGIA1","","","",""
"[Order_Item__c]","a2uKa0000007qGbIAI","false","OI-0143","USD","2026-04-02T14:15:29.000+0000","005Ka000005rLzpIAE","2026-04-02T14:15:29.000+0000","005Ka000005rLzpIAE","2026-04-02T14:15:29.000+0000","true","false","","","a2rKa00000AX6KGIA1","","","",""
"[Order_Item__c]","a2uKa0000007qGcIAI","false","OI-0144","USD","2026-04-02T14:15:29.000+0000","005Ka000005rLzpIAE","2026-04-02T14:15:29.000+0000","005Ka000005rLzpIAE","2026-04-02T14:15:29.000+0000","true","false","","","a2rKa00000AX6KGIA1","","","",""
"[Order_Item__c]","a2uKa0000007qGdIAI","false","OI-0145","USD","2026-04-02T14:15:29.000+0000","005Ka000005rLzpIAE","2026-04-02T14:15:29.000+0000","005Ka000005rLzpIAE","2026-04-02T14:15:29.000+0000","true","false","2026-04-06T17:58:27.000+0000","2026-04-06T17:58:27.000+0000","a2rKa00000AX6KHIA1","","","",""
"[Order_Item__c]","a2uKa0000007qGeIAI","false","OI-0146","USD","2026-04-02T14:15:29.000+0000","005Ka000005rLzpIAE","2026-04-02T14:15:29.000+0000","005Ka000005rLzpIAE","2026-04-02T14:15:29.000+0000","true","false","","","a2rKa00000AX6KHIA1","","","",""
"[Order_Item__c]","a2uKa0000007qGfIAI","false","OI-0147","USD","2026-04-02T14:15:29.000+0000","005Ka000005rLzpIAE","2026-04-02T14:15:29.000+0000","005Ka000005rLzpIAE","2026-04-02T14:15:29.000+0000","true","false","","","a2rKa00000AX6KIIA1","","","",""
"[Order_Item__c]","a2uKa0000007qGgIAI","false","OI-0148","USD","2026-04-02T14:15:29.000+0000","005Ka000005rLzpIAE","2026-04-02T14:15:29.000+0000","005Ka000005rLzpIAE","2026-04-02T14:15:29.000+0000","true","false","","","a2rKa00000AX6KIIA1","","","",""
"[Order_Item__c]","a2uKa0000007qGhIAI","false","OI-0149","USD","2026-04-02T14:15:29.000+0000","005Ka000005rLzpIAE","2026-04-02T14:15:29.000+0000","005Ka000005rLzpIAE","2026-04-02T14:15:29.000+0000","true","false","","","a2rKa00000AX6KJIA1","","","",""
"[Order_Item__c]","a2uKa0000007qGiIAI","false","OI-0150","USD","2026-04-02T14:15:29.000+0000","005Ka000005rLzpIAE","2026-04-02T14:15:29.000+0000","005Ka000005rLzpIAE","2026-04-02T14:15:29.000+0000","true","false","2026-04-06T17:59:08.000+0000","2026-04-06T17:59:08.000+0000","a2rKa00000AX6KJIA1","","","",""
"[Order_Item__c]","a2uKa0000007qGjIAI","false","OI-0151","USD","2026-04-02T14:15:29.000+0000","005Ka000005rLzpIAE","2026-04-02T14:15:29.000+0000","005Ka000005rLzpIAE","2026-04-02T14:15:29.000+0000","true","false","","","a2rKa00000AX6KKIA1","","","",""
"[Order_Item__c]","a2uKa0000007qGkIAI","false","OI-0152","USD","2026-04-02T14:15:29.000+0000","005Ka000005rLzpIAE","2026-04-02T14:15:29.000+0000","005Ka000005rLzpIAE","2026-04-02T14:15:29.000+0000","true","false","","","a2rKa00000AX6KKIA1","","","",""
"[Order_Item__c]","a2uKa0000007qGlIAI","false","OI-0153","USD","2026-04-02T14:15:29.000+0000","005Ka000005rLzpIAE","2026-04-02T14:15:29.000+0000","005Ka000005rLzpIAE","2026-04-02T14:15:29.000+0000","true","false","","","a2rKa00000AX6KLIA1","","","",""
"[Order_Item__c]","a2uKa0000007qGmIAI","false","OI-0154","USD","2026-04-02T14:15:29.000+0000","005Ka000005rLzpIAE","2026-04-02T14:15:29.000+0000","005Ka000005rLzpIAE","2026-04-02T14:15:29.000+0000","true","false","","","a2rKa00000AX6KLIA1","","","",""
"[Order_Item__c]","a2uKa0000007qGnIAI","false","OI-0155","USD","2026-04-02T14:15:29.000+0000","005Ka000005rLzpIAE","2026-04-02T14:15:29.000+0000","005Ka000005rLzpIAE","2026-04-02T14:15:29.000+0000","true","false","","","a2rKa00000AX6KMIA1","","","",""
"[Order_Item__c]","a2uKa0000007qGoIAI","false","OI-0156","USD","2026-04-02T14:15:29.000+0000","005Ka000005rLzpIAE","2026-04-02T14:15:29.000+0000","005Ka000005rLzpIAE","2026-04-02T14:15:29.000+0000","true","false","","","a2rKa00000AX6KMIA1","","","",""
"[Order_Item__c]","a2uKa0000007qGpIAI","false","OI-0157","USD","2026-04-02T14:15:29.000+0000","005Ka000005rLzpIAE","2026-04-02T14:15:29.000+0000","005Ka000005rLzpIAE","2026-04-02T14:15:29.000+0000","true","false","","","a2rKa00000AX6KOIA1","","","",""
"[Order_Item__c]","a2uKa0000007qGqIAI","false","OI-0158","USD","2026-04-02T14:15:29.000+0000","005Ka000005rLzpIAE","2026-04-02T14:15:29.000+0000","005Ka000005rLzpIAE","2026-04-02T14:15:29.000+0000","true","false","","","a2rKa00000AX6KOIA1","","","",""
"[Order_Item__c]","a2uKa0000007qGrIAI","false","OI-0159","USD","2026-04-02T14:15:29.000+0000","005Ka000005rLzpIAE","2026-04-02T14:15:29.000+0000","005Ka000005rLzpIAE","2026-04-02T14:15:29.000+0000","true","false","","","a2rKa00000AX6KPIA1","","","",""
"[Order_Item__c]","a2uKa0000007qGsIAI","false","OI-0160","USD","2026-04-02T14:15:29.000+0000","005Ka000005rLzpIAE","2026-04-02T14:15:29.000+0000","005Ka000005rLzpIAE","2026-04-02T14:15:29.000+0000","true","false","","","a2rKa00000AX6KPIA1","","","",""
"[Order_Item__c]","a2uKa0000007qGtIAI","false","OI-0161","USD","2026-04-02T14:15:29.000+0000","005Ka000005rLzpIAE","2026-04-02T14:15:29.000+0000","005Ka000005rLzpIAE","2026-04-02T14:15:29.000+0000","true","false","","","a2rKa00000AX6KQIA1","","","",""
"[Order_Item__c]","a2uKa0000007qGuIAI","false","OI-0162","USD","2026-04-02T14:15:29.000+0000","005Ka000005rLzpIAE","2026-04-02T14:15:29.000+0000","005Ka000005rLzpIAE","2026-04-02T14:15:29.000+0000","true","false","","","a2rKa00000AX6KQIA1","","","",""
"[Order_Item__c]","a2uKa0000007qGvIAI","false","OI-0163","USD","2026-04-02T14:15:29.000+0000","005Ka000005rLzpIAE","2026-04-02T14:15:29.000+0000","005Ka000005rLzpIAE","2026-04-02T14:15:29.000+0000","true","false","","","a2rKa00000AX6KRIA1","","","",""
"[Order_Item__c]","a2uKa0000007qGwIAI","false","OI-0164","USD","2026-04-02T14:15:29.000+0000","005Ka000005rLzpIAE","2026-04-02T14:15:29.000+0000","005Ka000005rLzpIAE","2026-04-02T14:15:29.000+0000","true","false","","","a2rKa00000AX6KRIA1","","","",""
"[Order_Item__c]","a2uKa0000007qGxIAI","false","OI-0165","USD","2026-04-02T14:15:29.000+0000","005Ka000005rLzpIAE","2026-04-02T14:15:29.000+0000","005Ka000005rLzpIAE","2026-04-02T14:15:29.000+0000","true","false","","","a2rKa00000AX6KZIA1","","","",""
"[Order_Item__c]","a2uKa0000007qGyIAI","false","OI-0166","USD","2026-04-02T14:15:29.000+0000","005Ka000005rLzpIAE","2026-04-02T14:15:29.000+0000","005Ka000005rLzpIAE","2026-04-02T14:15:29.000+0000","true","false","","","a2rKa00000AX6KSIA1","","","",""
"[Order_Item__c]","a2uKa0000007qGzIAI","false","OI-0167","USD","2026-04-02T14:15:29.000+0000","005Ka000005rLzpIAE","2026-04-02T14:15:29.000+0000","005Ka000005rLzpIAE","2026-04-02T14:15:29.000+0000","true","false","","","a2rKa00000AX6KTIA1","","","",""
"[Order_Item__c]","a2uKa0000007qH0IAI","false","OI-0168","USD","2026-04-02T14:15:29.000+0000","005Ka000005rLzpIAE","2026-04-02T14:15:29.000+0000","005Ka000005rLzpIAE","2026-04-02T14:15:29.000+0000","true","false","","","a2rKa00000AX6KTIA1","","","",""
"[Order_Item__c]","a2uKa0000007qH1IAI","false","OI-0169","USD","2026-04-02T14:15:29.000+0000","005Ka000005rLzpIAE","2026-04-02T14:15:29.000+0000","005Ka000005rLzpIAE","2026-04-02T14:15:29.000+0000","true","false","","","a2rKa00000AX6KVIA1","","","",""
"[Order_Item__c]","a2uKa0000007qH2IAI","false","OI-0170","USD","2026-04-02T14:15:29.000+0000","005Ka000005rLzpIAE","2026-04-02T14:15:29.000+0000","005Ka000005rLzpIAE","2026-04-02T14:15:29.000+0000","true","false","","","a2rKa00000AX6KVIA1","","","",""
"[Order_Item__c]","a2uKa0000007qH3IAI","false","OI-0171","USD","2026-04-02T14:15:29.000+0000","005Ka000005rLzpIAE","2026-04-02T14:15:29.000+0000","005Ka000005rLzpIAE","2026-04-02T14:15:29.000+0000","true","false","","","a2rKa00000AX6KUIA1","","","",""
"[Order_Item__c]","a2uKa0000007qH4IAI","false","OI-0172","USD","2026-04-02T14:15:29.000+0000","005Ka000005rLzpIAE","2026-04-02T14:15:29.000+0000","005Ka000005rLzpIAE","2026-04-02T14:15:29.000+0000","true","false","","","a2rKa00000AX6KUIA1","","","",""
"[Order_Item__c]","a2uKa0000007qH5IAI","false","OI-0173","USD","2026-04-02T14:15:29.000+0000","005Ka000005rLzpIAE","2026-04-02T14:15:29.000+0000","005Ka000005rLzpIAE","2026-04-02T14:15:29.000+0000","true","false","2026-04-06T17:59:26.000+0000","2026-04-06T17:59:26.000+0000","a2rKa00000AX6KWIA1","","","",""
"[Order_Item__c]","a2uKa0000007qH6IAI","false","OI-0174","USD","2026-04-02T14:15:29.000+0000","005Ka000005rLzpIAE","2026-04-02T14:15:29.000+0000","005Ka000005rLzpIAE","2026-04-02T14:15:29.000+0000","true","false","2026-04-06T17:59:40.000+0000","2026-04-06T17:59:40.000+0000","a2rKa00000AX6KWIA1","","","",""
"[Order_Item__c]","a2uKa0000007qH7IAI","false","OI-0175","USD","2026-04-02T14:15:29.000+0000","005Ka000005rLzpIAE","2026-04-02T14:15:29.000+0000","005Ka000005rLzpIAE","2026-04-02T14:15:29.000+0000","true","false","2026-04-08T05:26:50.000+0000","2026-04-08T05:26:50.000+0000","a2rKa00000AX6KXIA1","a2sKa000001AA4dIAG","2","","431"
"[Order_Item__c]","a2uKa0000007qH8IAI","false","OI-0176","USD","2026-04-02T14:15:29.000+0000","005Ka000005rLzpIAE","2026-04-02T14:15:29.000+0000","005Ka000005rLzpIAE","2026-04-02T14:15:29.000+0000","true","false","","","a2rKa00000AX6K5IAL","","","",""
"[Order_Item__c]","a2uKa0000007qH9IAI","false","OI-0177","USD","2026-04-02T14:15:29.000+0000","005Ka000005rLzpIAE","2026-04-02T14:15:29.000+0000","005Ka000005rLzpIAE","2026-04-02T14:15:29.000+0000","true","false","","","a2rKa00000AX6K6IAL","","","",""
"[Order_Item__c]","a2uKa0000007qM2IAI","false","OI-0265","USD","2026-04-03T06:43:05.000+0000","005Ka000005rLzpIAE","2026-04-03T06:43:05.000+0000","005Ka000005rLzpIAE","2026-04-03T06:43:05.000+0000","true","false","","","a2rKa00000AX6MAIA1","a2sKa000001AA4eIAG","1","","299"
"[Order_Item__c]","a2uKa0000007qM3IAI","false","OI-0266","USD","2026-04-03T06:43:05.000+0000","005Ka000005rLzpIAE","2026-04-03T06:43:05.000+0000","005Ka000005rLzpIAE","2026-04-03T06:43:05.000+0000","true","false","","","a2rKa00000AX6MAIA1","a2sKa000001AA4wIAG","1","","129.99"
"[Order_Item__c]","a2uKa0000007qM4IAI","false","OI-0267","USD","2026-04-03T06:43:05.000+0000","005Ka000005rLzpIAE","2026-04-03T06:43:05.000+0000","005Ka000005rLzpIAE","2026-04-03T06:43:05.000+0000","true","false","","","a2rKa00000AX6MAIA1","a2sKa000001AA4oIAG","1","","28"
"[Order_Item__c]","a2uKa0000007qM5IAI","false","OI-0268","USD","2026-04-03T06:43:05.000+0000","005Ka000005rLzpIAE","2026-04-03T06:43:05.000+0000","005Ka000005rLzpIAE","2026-04-03T06:43:05.000+0000","true","false","","","a2rKa00000AX6MAIA1","a2sKa000001AA59IAG","1","","15.5"
"[Order_Item__c]","a2uKa0000007qLxIAI","false","OI-0263","USD","2026-04-03T05:42:16.000+0000","005Ka000005rM9XIAU","2026-04-03T05:43:20.000+0000","005Ka000005rM9XIAU","2026-04-03T05:43:20.000+0000","true","false","","","a2rKa00000AX6M5IAL","a2sKa000001AA4zIAG","4","Returned","399.8"
"[Order_Item__c]","a2uKa0000007qLyIAI","false","OI-0264","USD","2026-04-03T05:42:16.000+0000","005Ka000005rM9XIAU","2026-04-03T05:42:16.000+0000","005Ka000005rM9XIAU","2026-04-03T05:42:16.000+0000","true","false","","","a2rKa00000AX6M5IAL","a2sKa000001AA4yIAG","2","","898"
"[Order_Item__c]","a2uKa0000007qNUIAY","false","OI-0271","USD","2026-04-05T07:20:48.000+0000","005Ka000005rM9XIAU","2026-04-05T07:20:48.000+0000","005Ka000005rM9XIAU","2026-04-05T07:20:48.000+0000","true","false","","","a2rKa00000AX6QlIAL","a2sKa000001AA4cIAG","1","","189.99"
"[Order_Item__c]","a2uKa0000007qNVIAY","false","OI-0272","USD","2026-04-05T07:20:48.000+0000","005Ka000005rM9XIAU","2026-04-05T07:20:48.000+0000","005Ka000005rM9XIAU","2026-04-05T07:20:48.000+0000","true","false","","","a2rKa00000AX6QlIAL","a2sKa000001AA52IAG","1","","249"
"[Order_Item__c]","a2uKa0000007qNPIAY","false","OI-0269","USD","2026-04-05T07:18:07.000+0000","005Ka000005rM9XIAU","2026-04-05T07:18:07.000+0000","005Ka000005rM9XIAU","2026-04-05T07:18:07.000+0000","true","false","","","a2rKa00000AX6QgIAL","a2sKa000001AA4cIAG","1","","189.99"
"[Order_Item__c]","a2uKa0000007qNQIAY","false","OI-0270","USD","2026-04-05T07:18:07.000+0000","005Ka000005rM9XIAU","2026-04-05T07:18:07.000+0000","005Ka000005rM9XIAU","2026-04-05T07:18:07.000+0000","true","false","","","a2rKa00000AX6QgIAL","a2sKa000001AA52IAG","1","","249"
"[Order_Item__c]","a2uKa0000007qLsIAI","false","OI-0260","USD","2026-04-03T05:25:05.000+0000","005Ka000005rLzpIAE","2026-04-03T05:25:05.000+0000","005Ka000005rLzpIAE","2026-04-03T05:25:05.000+0000","true","false","","","a2rKa00000AX6M0IAL","a2sKa000001AA4cIAG","2","","379.98"
"[Order_Item__c]","a2uKa0000007qLtIAI","false","OI-0261","USD","2026-04-03T05:25:05.000+0000","005Ka000005rLzpIAE","2026-04-03T05:42:28.000+0000","005Ka000005rM9XIAU","2026-04-03T05:42:28.000+0000","true","false","","","a2rKa00000AX6M0IAL","a2sKa000001AA4wIAG","2","Cancelled","259.98"
"[Order_Item__c]","a2uKa0000007qLuIAI","false","OI-0262","USD","2026-04-03T05:25:05.000+0000","005Ka000005rLzpIAE","2026-04-03T05:25:05.000+0000","005Ka000005rLzpIAE","2026-04-03T05:25:05.000+0000","true","false","","","a2rKa00000AX6M0IAL","a2sKa000001AA56IAG","2","","25"
"[Order_Item__c]","a2uKa0000007qQ9IAI","false","OI-0277","USD","2026-04-07T04:30:29.000+0000","005Ka000005rM9XIAU","2026-04-07T04:30:29.000+0000","005Ka000005rM9XIAU","2026-04-07T04:30:29.000+0000","true","false","","","a2rKa00000AX6S8IAL","a2sKa000001AA4cIAG","6","","1139.94"
"[Order_Item__c]","a2uKa0000007qQAIAY","false","OI-0278","USD","2026-04-07T04:30:29.000+0000","005Ka000005rM9XIAU","2026-04-07T04:30:29.000+0000","005Ka000005rM9XIAU","2026-04-07T04:30:29.000+0000","true","false","","","a2rKa00000AX6S8IAL","a2sKa000001AA4tIAG","1","","48"
"[Order_Item__c]","a2uKa0000007qNZIAY","false","OI-0273","USD","2026-04-05T12:02:12.000+0000","005Ka000005rM9XIAU","2026-04-05T12:02:12.000+0000","005Ka000005rM9XIAU","2026-04-05T12:02:12.000+0000","true","false","","","a2rKa00000AX6QqIAL","a2sKa000001AA4cIAG","1","","189.99"
"[Order_Item__c]","a2uKa0000007qQ4IAI","false","OI-0275","USD","2026-04-07T04:28:42.000+0000","005Ka000005rM9XIAU","2026-04-07T04:31:07.000+0000","005Ka000005rM9XIAU","2026-04-07T04:31:07.000+0000","true","false","","","a2rKa00000AX6S3IAL","a2sKa000001AA4cIAG","6","Returned","1139.94"
"[Order_Item__c]","a2uKa0000007qQ5IAI","false","OI-0276","USD","2026-04-07T04:28:42.000+0000","005Ka000005rM9XIAU","2026-04-07T04:31:12.000+0000","005Ka000005rM9XIAU","2026-04-07T04:31:12.000+0000","true","false","","","a2rKa00000AX6S3IAL","a2sKa000001AA4tIAG","1","Cancelled","48"
"[Order_Item__c]","a2uKa0000007qNeIAI","false","OI-0274","USD","2026-04-05T12:11:32.000+0000","005Ka000005rM9XIAU","2026-04-05T12:11:32.000+0000","005Ka000005rM9XIAU","2026-04-05T12:11:32.000+0000","true","false","","","a2rKa00000AX6QvIAL","a2sKa000001AA4vIAG","1","","899.99"