"_","Id","OwnerId","IsDeleted","Name","CurrencyIsoCode","CreatedDate","CreatedById","LastModifiedDate","LastModifiedById","SystemModstamp","MayEdit","IsLocked","LastViewedDate","LastReferencedDate","Contact__c","Order__c","Payment_Method__c","Status__c","Total_Amount__c","Transaction_Date_time__c"
"[Transaction__c]","a2vKa000000OnUkIAK","005Ka000005rLzpIAE","false","TX-00086","USD","2026-04-05T07:21:01.000+0000","005Ka000005rM9XIAU","2026-04-05T07:21:01.000+0000","005Ka000005rM9XIAU","2026-04-05T07:21:01.000+0000","true","false","","","003Ka000043HOTUIA4","a2rKa00000AX6QlIAL","Cash on Delivery","Completed","438.99","2026-04-05T07:21:01.000+0000"
"[Transaction__c]","a2vKa000000OnUuIAK","005Ka000005rLzpIAE","false","TX-00088","USD","2026-04-05T12:12:23.000+0000","005Ka000005rM9XIAU","2026-04-05T12:12:23.000+0000","005Ka000005rM9XIAU","2026-04-05T12:12:23.000+0000","true","false","","","003Ka000043HOTUIA4","a2rKa00000AX6QvIAL","Cash on Delivery","Completed","899.99","2026-04-05T12:12:23.000+0000"
"[Transaction__c]","a2vKa000000OnSaIAK","005Ka000005rLzpIAE","false","TX-00003","USD","2026-04-02T14:23:38.000+0000","005Ka000005rLzpIAE","2026-04-02T14:23:38.000+0000","005Ka000005rLzpIAE","2026-04-02T14:23:38.000+0000","true","false","","","003Ka000043GpZnIAK","a2rKa00000AX6KCIA1","Credit/Debit Card","Completed","431","2026-03-28T10:47:47.000+0000"
"[Transaction__c]","a2vKa000000OnSXIA0","005Ka000005rLzpIAE","false","TX-00000","USD","2026-04-02T14:23:38.000+0000","005Ka000005rLzpIAE","2026-04-02T14:23:38.000+0000","005Ka000005rLzpIAE","2026-04-02T14:23:38.000+0000","true","false","2026-04-08T05:25:38.000+0000","2026-04-08T05:25:38.000+0000","003Ka000043GpZnIAK","a2rKa00000AX6KXIA1","Credit/Debit Card","Completed","431","2026-03-28T11:04:17.000+0000"
"[Transaction__c]","a2vKa000000OnSYIA0","005Ka000005rLzpIAE","false","TX-00001","USD","2026-04-02T14:23:38.000+0000","005Ka000005rLzpIAE","2026-04-02T14:23:38.000+0000","005Ka000005rLzpIAE","2026-04-02T14:23:38.000+0000","true","false","","","003Ka000043GpZnIAK","a2rKa00000AX6K6IAL","Cash on Delivery","Completed","975.46","2026-03-28T05:45:03.000+0000"
"[Transaction__c]","a2vKa000000OnSZIA0","005Ka000005rLzpIAE","false","TX-00002","USD","2026-04-02T14:23:38.000+0000","005Ka000005rLzpIAE","2026-04-02T14:23:38.000+0000","005Ka000005rLzpIAE","2026-04-02T14:23:38.000+0000","true","false","","","003Ka000043GpQYIA0","a2rKa00000AX6KNIA1","Cash on Delivery","Completed","431","2026-03-28T08:08:21.000+0000"
"[Transaction__c]","a2vKa000000OnSbIAK","005Ka000005rLzpIAE","false","TX-00004","USD","2026-04-02T14:23:38.000+0000","005Ka000005rLzpIAE","2026-04-02T14:23:38.000+0000","005Ka000005rLzpIAE","2026-04-02T14:23:38.000+0000","true","false","","","003Ka000043GpZnIAK","a2rKa00000AX6KSIA1","Credit/Debit Card","Completed","1495","2026-03-28T07:51:51.000+0000"
"[Transaction__c]","a2vKa000000OnScIAK","005Ka000005rLzpIAE","false","TX-00005","USD","2026-04-02T14:23:38.000+0000","005Ka000005rLzpIAE","2026-04-02T14:23:38.000+0000","005Ka000005rLzpIAE","2026-04-02T14:23:38.000+0000","true","false","","","003Ka000043GpZnIAK","a2rKa00000AX6KBIA1","Cash on Delivery","Completed","975.46","2026-03-28T05:29:24.000+0000"
"[Transaction__c]","a2vKa000000OnSeIAK","005Ka000005rLzpIAE","false","TX-00007","USD","2026-04-02T14:23:38.000+0000","005Ka000005rLzpIAE","2026-04-02T14:23:38.000+0000","005Ka000005rLzpIAE","2026-04-02T14:23:38.000+0000","true","false","","","003Ka000043GpZnIAK","a2rKa00000AX6KQIA1","Cash on Delivery","Completed","975.46","2026-03-28T05:48:52.000+0000"
"[Transaction__c]","a2vKa000000OnSdIAK","005Ka000005rLzpIAE","false","TX-00006","USD","2026-04-02T14:23:38.000+0000","005Ka000005rLzpIAE","2026-04-02T14:23:38.000+0000","005Ka000005rLzpIAE","2026-04-02T14:23:38.000+0000","true","false","","","003Ka000043GpZnIAK","a2rKa00000AX6KGIA1","Credit/Debit Card","Completed","2022.97","2026-03-28T06:59:51.000+0000"
"[Transaction__c]","a2vKa000000OnSfIAK","005Ka000005rLzpIAE","false","TX-00008","USD","2026-04-02T14:23:38.000+0000","005Ka000005rLzpIAE","2026-04-02T14:23:38.000+0000","005Ka000005rLzpIAE","2026-04-02T14:23:38.000+0000","true","false","","","003Ka000043GpZnIAK","a2rKa00000AX6KRIA1","Cash on Delivery","Completed","975.46","2026-03-28T05:57:28.000+0000"
"[Transaction__c]","a2vKa000000OnSpIAK","005Ka000005rLzpIAE","false","TX-00018","USD","2026-04-02T14:23:38.000+0000","005Ka000005rLzpIAE","2026-04-02T14:23:38.000+0000","005Ka000005rLzpIAE","2026-04-02T14:23:38.000+0000","true","false","","","003Ka000043GpQYIA0","a2rKa00000AX6LeIAL","Credit/Debit Card","Completed","259.98","2026-03-31T15:27:28.000+0000"
"[Transaction__c]","a2vKa000000OnSqIAK","005Ka000005rLzpIAE","false","TX-00019","USD","2026-04-02T14:23:38.000+0000","005Ka000005rLzpIAE","2026-04-02T14:23:38.000+0000","005Ka000005rLzpIAE","2026-04-02T14:23:38.000+0000","true","false","","","003Ka000043GpQYIA0","a2rKa00000AX6LfIAL","Credit/Debit Card","Completed","69.98","2026-03-31T15:27:55.000+0000"
"[Transaction__c]","a2vKa000000OnSrIAK","005Ka000005rLzpIAE","false","TX-00020","USD","2026-04-02T14:23:38.000+0000","005Ka000005rLzpIAE","2026-04-02T14:23:38.000+0000","005Ka000005rLzpIAE","2026-04-02T14:23:38.000+0000","true","false","","","003Ka000043GpbCIAS","a2rKa00000AX6KeIAL","Credit/Debit Card","Completed","759.96","2026-03-01T10:30:00.000+0000"
"[Transaction__c]","a2vKa000000OnSsIAK","005Ka000005rLzpIAE","false","TX-00021","USD","2026-04-02T14:23:38.000+0000","005Ka000005rLzpIAE","2026-04-02T14:23:38.000+0000","005Ka000005rLzpIAE","2026-04-02T14:23:38.000+0000","true","false","","","003Ka000043GpbDIAS","a2rKa00000AX6KfIAL","UPI","Completed","862","2026-03-02T11:15:00.000+0000"
"[Transaction__c]","a2vKa000000OnStIAK","005Ka000005rLzpIAE","false","TX-00022","USD","2026-04-02T14:23:38.000+0000","005Ka000005rLzpIAE","2026-04-02T14:23:38.000+0000","005Ka000005rLzpIAE","2026-04-02T14:23:38.000+0000","true","false","","","003Ka000043GpbEIAS","a2rKa00000AX6KgIAL","Net Banking","Authorized","598","2026-03-02T14:45:00.000+0000"
"[Transaction__c]","a2vKa000000OnSuIAK","005Ka000005rLzpIAE","false","TX-00023","USD","2026-04-02T14:23:38.000+0000","005Ka000005rLzpIAE","2026-04-02T14:23:38.000+0000","005Ka000005rLzpIAE","2026-04-02T14:23:38.000+0000","true","false","","","003Ka000043GpbFIAS","a2rKa00000AX6KhIAL","Credit/Debit Card","Completed","620","2026-03-03T09:20:00.000+0000"
"[Transaction__c]","a2vKa000000OnSvIAK","005Ka000005rLzpIAE","false","TX-00024","USD","2026-04-02T14:23:38.000+0000","005Ka000005rLzpIAE","2026-04-02T14:23:38.000+0000","005Ka000005rLzpIAE","2026-04-02T14:23:38.000+0000","true","false","","","003Ka000043GpbGIAS","a2rKa00000AX6KiIAL","UPI","Completed","583.96","2026-03-04T16:00:00.000+0000"
"[Transaction__c]","a2vKa000000OnT5IAK","005Ka000005rLzpIAE","false","TX-00034","USD","2026-04-02T14:23:38.000+0000","005Ka000005rLzpIAE","2026-04-02T14:23:38.000+0000","005Ka000005rLzpIAE","2026-04-02T14:23:38.000+0000","true","false","","","003Ka000043GpbQIAS","a2rKa00000AX6KsIAL","Net Banking","Authorized","49","2026-03-12T09:40:00.000+0000"
"[Transaction__c]","a2vKa000000OnT0IAK","005Ka000005rLzpIAE","false","TX-00029","USD","2026-04-02T14:23:38.000+0000","005Ka000005rLzpIAE","2026-04-02T14:23:38.000+0000","005Ka000005rLzpIAE","2026-04-02T14:23:38.000+0000","true","false","","","003Ka000043GpbLIAS","a2rKa00000AX6KnIAL","Credit/Debit Card","Completed","568","2026-03-08T11:45:00.000+0000"
"[Transaction__c]","a2vKa000000OnT1IAK","005Ka000005rLzpIAE","false","TX-00030","USD","2026-04-02T14:23:38.000+0000","005Ka000005rLzpIAE","2026-04-02T14:23:38.000+0000","005Ka000005rLzpIAE","2026-04-02T14:23:38.000+0000","true","false","","","003Ka000043GpbMIAS","a2rKa00000AX6KoIAL","UPI","Completed","104.97","2026-03-09T08:50:00.000+0000"
"[Transaction__c]","a2vKa000000OnT2IAK","005Ka000005rLzpIAE","false","TX-00031","USD","2026-04-02T14:23:38.000+0000","005Ka000005rLzpIAE","2026-04-02T14:23:38.000+0000","005Ka000005rLzpIAE","2026-04-02T14:23:38.000+0000","true","false","","","003Ka000043GpbNIAS","a2rKa00000AX6KpIAL","Credit/Debit Card","Failed","77","2026-03-10T14:15:00.000+0000"
"[Transaction__c]","a2vKa000000OnT3IAK","005Ka000005rLzpIAE","false","TX-00032","USD","2026-04-02T14:23:38.000+0000","005Ka000005rLzpIAE","2026-04-02T14:23:38.000+0000","005Ka000005rLzpIAE","2026-04-02T14:23:38.000+0000","true","false","","","003Ka000043GpbOIAS","a2rKa00000AX6KqIAL","UPI","Completed","140","2026-03-10T17:05:00.000+0000"
"[Transaction__c]","a2vKa000000OnT4IAK","005Ka000005rLzpIAE","false","TX-00033","USD","2026-04-02T14:23:38.000+0000","005Ka000005rLzpIAE","2026-04-02T14:23:38.000+0000","005Ka000005rLzpIAE","2026-04-02T14:23:38.000+0000","true","false","","","003Ka000043GpbPIAS","a2rKa00000AX6KrIAL","Cash on Delivery","Completed","32.99","2026-03-11T13:30:00.000+0000"
"[Transaction__c]","a2vKa000000OnT6IAK","005Ka000005rLzpIAE","false","TX-00035","USD","2026-04-02T14:23:38.000+0000","005Ka000005rLzpIAE","2026-04-02T14:23:38.000+0000","005Ka000005rLzpIAE","2026-04-02T14:23:38.000+0000","true","false","","","003Ka000043GpbRIAS","a2rKa00000AX6KtIAL","Credit/Debit Card","Completed","208","2026-03-12T15:20:00.000+0000"
"[Transaction__c]","a2vKa000000OnT7IAK","005Ka000005rLzpIAE","false","TX-00036","USD","2026-04-02T14:23:38.000+0000","005Ka000005rLzpIAE","2026-04-02T14:23:38.000+0000","005Ka000005rLzpIAE","2026-04-02T14:23:38.000+0000","true","false","","","003Ka000043GpbSIAS","a2rKa00000AX6KuIAL","UPI","Completed","52","2026-03-13T11:00:00.000+0000"
"[Transaction__c]","a2vKa000000OnT8IAK","005Ka000005rLzpIAE","false","TX-00037","USD","2026-04-02T14:23:38.000+0000","005Ka000005rLzpIAE","2026-04-02T14:23:38.000+0000","005Ka000005rLzpIAE","2026-04-02T14:23:38.000+0000","true","false","","","003Ka000043GpbTIAS","a2rKa00000AX6KvIAL","Cash on Delivery","Initiated","48","2026-03-14T12:00:00.000+0000"
"[Transaction__c]","a2vKa000000OnSgIAK","005Ka000005rLzpIAE","false","TX-00009","USD","2026-04-02T14:23:38.000+0000","005Ka000005rLzpIAE","2026-04-02T14:23:38.000+0000","005Ka000005rLzpIAE","2026-04-02T14:23:38.000+0000","true","false","","","003Ka000043GpQYIA0","a2rKa00000AX6KZIA1","Cash on Delivery","Completed","215.5","2026-03-28T08:04:27.000+0000"
"[Transaction__c]","a2vKa000000OnShIAK","005Ka000005rLzpIAE","false","TX-00010","USD","2026-04-02T14:23:38.000+0000","005Ka000005rLzpIAE","2026-04-02T14:23:38.000+0000","005Ka000005rLzpIAE","2026-04-02T14:23:38.000+0000","true","false","","","003Ka000043GpZnIAK","a2rKa00000AX6KWIA1","Cash on Delivery","Completed","730","2026-03-28T10:38:00.000+0000"
"[Transaction__c]","a2vKa000000OnSiIAK","005Ka000005rLzpIAE","false","TX-00011","USD","2026-04-02T14:23:38.000+0000","005Ka000005rLzpIAE","2026-04-02T14:23:38.000+0000","005Ka000005rLzpIAE","2026-04-02T14:23:38.000+0000","true","false","","","003Ka000043GpZnIAK","a2rKa00000AX6KPIA1","Cash on Delivery","Completed","975.46","2026-03-28T05:40:33.000+0000"
"[Transaction__c]","a2vKa000000OnSjIAK","005Ka000005rLzpIAE","false","TX-00012","USD","2026-04-02T14:23:38.000+0000","005Ka000005rLzpIAE","2026-04-02T14:23:38.000+0000","005Ka000005rLzpIAE","2026-04-02T14:23:38.000+0000","true","false","","","003Ka000043GpaWIAS","a2rKa00000AX6KYIA1","UPI","Completed","168.5","2026-03-28T14:30:31.000+0000"
"[Transaction__c]","a2vKa000000OnSkIAK","005Ka000005rLzpIAE","false","TX-00013","USD","2026-04-02T14:23:38.000+0000","005Ka000005rLzpIAE","2026-04-02T14:23:38.000+0000","005Ka000005rLzpIAE","2026-04-02T14:23:38.000+0000","true","false","","","003Ka000043GpaWIAS","a2rKa00000AX6KWIA1","UPI","Refunded","405.49","2026-03-28T14:30:14.000+0000"
"[Transaction__c]","a2vKa000000OnSlIAK","005Ka000005rLzpIAE","false","TX-00014","USD","2026-04-02T14:23:38.000+0000","005Ka000005rLzpIAE","2026-04-02T14:23:38.000+0000","005Ka000005rLzpIAE","2026-04-02T14:23:38.000+0000","true","false","","","003Ka000043GpaWIAS","a2rKa00000AX6LUIA1","Credit/Debit Card","Refunded","379.98","2026-03-30T07:03:10.000+0000"
"[Transaction__c]","a2vKa000000OnSmIAK","005Ka000005rLzpIAE","false","TX-00015","USD","2026-04-02T14:23:38.000+0000","005Ka000005rLzpIAE","2026-04-02T14:23:38.000+0000","005Ka000005rLzpIAE","2026-04-02T14:23:38.000+0000","true","false","","","003Ka000043GpaWIAS","a2rKa00000AX6KaIAL","Credit/Debit Card","Completed","1592","2026-03-30T07:21:27.000+0000"
"[Transaction__c]","a2vKa000000OnSnIAK","005Ka000005rLzpIAE","false","TX-00016","USD","2026-04-02T14:23:38.000+0000","005Ka000005rLzpIAE","2026-04-02T14:23:38.000+0000","005Ka000005rLzpIAE","2026-04-02T14:23:38.000+0000","true","false","","","003Ka000043GpaWIAS","a2rKa00000AX6KbIAL","Credit/Debit Card","Completed","598","2026-03-30T09:40:57.000+0000"
"[Transaction__c]","a2vKa000000OnSoIAK","005Ka000005rLzpIAE","false","TX-00017","USD","2026-04-02T14:23:38.000+0000","005Ka000005rLzpIAE","2026-04-02T14:23:38.000+0000","005Ka000005rLzpIAE","2026-04-02T14:23:38.000+0000","true","false","","","003Ka000043GpQYIA0","a2rKa00000AX6LeIAL","Credit/Debit Card","Completed","259.98","2026-03-31T15:27:27.000+0000"
"[Transaction__c]","a2vKa000000OnSxIAK","005Ka000005rLzpIAE","false","TX-00026","USD","2026-04-02T14:23:38.000+0000","005Ka000005rLzpIAE","2026-04-02T14:23:38.000+0000","005Ka000005rLzpIAE","2026-04-02T14:23:38.000+0000","true","false","","","003Ka000043GpbIIAS","a2rKa00000AX6KkIAL","Credit/Debit Card","Completed","168.5","2026-03-05T15:30:00.000+0000"
"[Transaction__c]","a2vKa000000OnSwIAK","005Ka000005rLzpIAE","false","TX-00025","USD","2026-04-02T14:23:38.000+0000","005Ka000005rLzpIAE","2026-04-02T14:23:38.000+0000","005Ka000005rLzpIAE","2026-04-02T14:23:38.000+0000","true","false","","","003Ka000043GpbHIAS","a2rKa00000AX6KjIAL","Cash on Delivery","Initiated","540","2026-03-05T12:10:00.000+0000"
"[Transaction__c]","a2vKa000000OnSyIAK","005Ka000005rLzpIAE","false","TX-00027","USD","2026-04-02T14:23:38.000+0000","005Ka000005rLzpIAE","2026-04-02T14:23:38.000+0000","005Ka000005rLzpIAE","2026-04-02T14:23:38.000+0000","true","false","","","003Ka000043GpbJIAS","a2rKa00000AX6KlIAL","UPI","Refunded","440","2026-03-06T10:00:00.000+0000"
"[Transaction__c]","a2vKa000000OnSzIAK","005Ka000005rLzpIAE","false","TX-00028","USD","2026-04-02T14:23:38.000+0000","005Ka000005rLzpIAE","2026-04-02T14:23:38.000+0000","005Ka000005rLzpIAE","2026-04-02T14:23:38.000+0000","true","false","","","003Ka000043GpbKIAS","a2rKa00000AX6KmIAL","Net Banking","Authorized","500","2026-03-07T18:20:00.000+0000"
"[Transaction__c]","a2vKa000000OnTkIAK","005Ka000005rLzpIAE","false","TX-00075","USD","2026-04-02T14:23:38.000+0000","005Ka000005rLzpIAE","2026-04-02T14:23:38.000+0000","005Ka000005rLzpIAE","2026-04-02T14:23:38.000+0000","true","false","","","003Ka000043GpaWIAS","a2rKa00000AX6LZIA1","Credit/Debit Card","Completed","431","2026-03-30T09:19:14.000+0000"
"[Transaction__c]","a2vKa000000OnTEIA0","005Ka000005rLzpIAE","false","TX-00043","USD","2026-04-02T14:23:38.000+0000","005Ka000005rLzpIAE","2026-04-02T14:23:38.000+0000","005Ka000005rLzpIAE","2026-04-02T14:23:38.000+0000","true","false","","","003Ka000042xbb0IAA","a2rKa00000AX6L1IAL","Net Banking","Authorized","199.9","2026-03-19T11:00:00.000+0000"
"[Transaction__c]","a2vKa000000OnT9IAK","005Ka000005rLzpIAE","false","TX-00038","USD","2026-04-02T14:23:38.000+0000","005Ka000005rLzpIAE","2026-04-02T14:23:38.000+0000","005Ka000005rLzpIAE","2026-04-02T14:23:38.000+0000","true","false","","","003Ka000043GpbUIAS","a2rKa00000AX6KwIAL","Credit/Debit Card","Completed","137.94","2026-03-15T14:30:00.000+0000"
"[Transaction__c]","a2vKa000000OnTAIA0","005Ka000005rLzpIAE","false","TX-00039","USD","2026-04-02T14:23:38.000+0000","005Ka000005rLzpIAE","2026-04-02T14:23:38.000+0000","005Ka000005rLzpIAE","2026-04-02T14:23:38.000+0000","true","false","","","003Ka000042xbawIAA","a2rKa00000AX6KxIAL","Net Banking","Completed","899.99","2026-03-15T16:45:00.000+0000"
"[Transaction__c]","a2vKa000000OnTBIA0","005Ka000005rLzpIAE","false","TX-00040","USD","2026-04-02T14:23:38.000+0000","005Ka000005rLzpIAE","2026-04-02T14:23:38.000+0000","005Ka000005rLzpIAE","2026-04-02T14:23:38.000+0000","true","false","","","003Ka000042xbaxIAA","a2rKa00000AX6KyIAL","Credit/Debit Card","Failed","129.99","2026-03-16T10:20:00.000+0000"
"[Transaction__c]","a2vKa000000OnTCIA0","005Ka000005rLzpIAE","false","TX-00041","USD","2026-04-02T14:23:38.000+0000","005Ka000005rLzpIAE","2026-04-02T14:23:38.000+0000","005Ka000005rLzpIAE","2026-04-02T14:23:38.000+0000","true","false","","","003Ka000042xbayIAA","a2rKa00000AX6KzIAL","UPI","Completed","169","2026-03-17T09:10:00.000+0000"
"[Transaction__c]","a2vKa000000OnTDIA0","005Ka000005rLzpIAE","false","TX-00042","USD","2026-04-02T14:23:38.000+0000","005Ka000005rLzpIAE","2026-04-02T14:23:38.000+0000","005Ka000005rLzpIAE","2026-04-02T14:23:38.000+0000","true","false","","","003Ka000042xbazIAA","a2rKa00000AX6L0IAL","Credit/Debit Card","Completed","449","2026-03-18T13:55:00.000+0000"
"[Transaction__c]","a2vKa000000OnTFIA0","005Ka000005rLzpIAE","false","TX-00044","USD","2026-04-02T14:23:38.000+0000","005Ka000005rLzpIAE","2026-04-02T14:23:38.000+0000","005Ka000005rLzpIAE","2026-04-02T14:23:38.000+0000","true","false","","","003Ka000042xbb1IAA","a2rKa00000AX6L2IAL","UPI","Completed","549.99","2026-03-19T15:40:00.000+0000"
"[Transaction__c]","a2vKa000000OnTGIA0","005Ka000005rLzpIAE","false","TX-00045","USD","2026-04-02T14:23:38.000+0000","005Ka000005rLzpIAE","2026-04-02T14:23:38.000+0000","005Ka000005rLzpIAE","2026-04-02T14:23:38.000+0000","true","false","","","003Ka000042xbb2IAA","a2rKa00000AX6L3IAL","Credit/Debit Card","Refunded","399.99","2026-03-20T10:15:00.000+0000"
"[Transaction__c]","a2vKa000000OnTNIA0","005Ka000005rLzpIAE","false","TX-00052","USD","2026-04-02T14:23:38.000+0000","005Ka000005rLzpIAE","2026-04-02T14:23:38.000+0000","005Ka000005rLzpIAE","2026-04-02T14:23:38.000+0000","true","false","","","003Ka000043GpbVIAS","a2rKa00000AX6LAIA1","Cash on Delivery","Initiated","22","2026-03-25T13:20:00.000+0000"
"[Transaction__c]","a2vKa000000OnTOIA0","005Ka000005rLzpIAE","false","TX-00053","USD","2026-04-02T14:23:38.000+0000","005Ka000005rLzpIAE","2026-04-02T14:23:38.000+0000","005Ka000005rLzpIAE","2026-04-02T14:23:38.000+0000","true","false","","","003Ka000043GpbWIAS","a2rKa00000AX6LBIA1","Credit/Debit Card","Completed","62","2026-03-26T09:45:00.000+0000"
"[Transaction__c]","a2vKa000000OnTfIAK","005Ka000005rLzpIAE","false","TX-00070","USD","2026-04-02T14:23:38.000+0000","005Ka000005rLzpIAE","2026-04-02T14:23:38.000+0000","005Ka000005rLzpIAE","2026-04-02T14:23:38.000+0000","true","false","","","003Ka000043GpaUIAS","a2rKa00000AX6LSIA1","UPI","Completed","810.98","2026-03-30T03:42:45.000+0000"
"[Transaction__c]","a2vKa000000OnTgIAK","005Ka000005rLzpIAE","false","TX-00071","USD","2026-04-02T14:23:38.000+0000","005Ka000005rLzpIAE","2026-04-02T14:23:38.000+0000","005Ka000005rLzpIAE","2026-04-02T14:23:38.000+0000","true","false","","","003Ka000043GpQYIA0","a2rKa00000AX6KcIAL","Credit/Debit Card","Completed","379.98","2026-03-30T03:39:25.000+0000"
"[Transaction__c]","a2vKa000000OnTdIAK","005Ka000005rLzpIAE","false","TX-00068","USD","2026-04-02T14:23:38.000+0000","005Ka000005rLzpIAE","2026-04-02T14:23:38.000+0000","005Ka000005rLzpIAE","2026-04-02T14:23:38.000+0000","true","false","","","003Ka000042xbb8IAA","a2rKa00000AX6LQIA1","UPI","Completed","899.99","2026-02-26T12:05:00.000+0000"
"[Transaction__c]","a2vKa000000OnTeIAK","005Ka000005rLzpIAE","false","TX-00069","USD","2026-04-02T14:23:38.000+0000","005Ka000005rLzpIAE","2026-04-02T14:23:38.000+0000","005Ka000005rLzpIAE","2026-04-02T14:23:38.000+0000","true","false","","","003Ka000042xbb9IAA","a2rKa00000AX6LRIA1","Net Banking","Authorized","135","2026-02-27T10:30:00.000+0000"
"[Transaction__c]","a2vKa000000OnThIAK","005Ka000005rLzpIAE","false","TX-00072","USD","2026-04-02T14:23:38.000+0000","005Ka000005rLzpIAE","2026-04-02T14:23:38.000+0000","005Ka000005rLzpIAE","2026-04-02T14:23:38.000+0000","true","false","","","003Ka000043GpaWIAS","a2rKa00000AX6LTIA1","Cash on Delivery","Refunded","431","2026-03-30T07:01:00.000+0000"
"[Transaction__c]","a2vKa000000OnTiIAK","005Ka000005rLzpIAE","false","TX-00073","USD","2026-04-02T14:23:38.000+0000","005Ka000005rLzpIAE","2026-04-02T14:23:38.000+0000","005Ka000005rLzpIAE","2026-04-02T14:23:38.000+0000","true","false","","","003Ka000043GpaWIAS","a2rKa00000AX6LWIA1","Cash on Delivery","Completed","220","2026-03-30T07:30:25.000+0000"
"[Transaction__c]","a2vKa000000OnTjIAK","005Ka000005rLzpIAE","false","TX-00074","USD","2026-04-02T14:23:38.000+0000","005Ka000005rLzpIAE","2026-04-02T14:23:38.000+0000","005Ka000005rLzpIAE","2026-04-02T14:23:38.000+0000","true","false","","","003Ka000043GpaWIAS","a2rKa00000AX6LVIA1","Credit/Debit Card","Completed","379.98","2026-03-30T07:32:12.000+0000"
"[Transaction__c]","a2vKa000000OnTHIA0","005Ka000005rLzpIAE","false","TX-00046","USD","2026-04-02T14:23:38.000+0000","005Ka000005rLzpIAE","2026-04-02T14:23:38.000+0000","005Ka000005rLzpIAE","2026-04-02T14:23:38.000+0000","true","false","","","003Ka000042xbb3IAA","a2rKa00000AX6L4IAL","UPI","Completed","498","2026-03-21T12:25:00.000+0000"
"[Transaction__c]","a2vKa000000OnTKIA0","005Ka000005rLzpIAE","false","TX-00049","USD","2026-04-02T14:23:38.000+0000","005Ka000005rLzpIAE","2026-04-02T14:23:38.000+0000","005Ka000005rLzpIAE","2026-04-02T14:23:38.000+0000","true","false","","","003Ka000042xbasIAA","a2rKa00000AX6L7IAL","Credit/Debit Card","Completed","44.97","2026-03-23T11:10:00.000+0000"
"[Transaction__c]","a2vKa000000OnTIIA0","005Ka000005rLzpIAE","false","TX-00047","USD","2026-04-02T14:23:38.000+0000","005Ka000005rLzpIAE","2026-04-02T14:23:38.000+0000","005Ka000005rLzpIAE","2026-04-02T14:23:38.000+0000","true","false","","","003Ka000042xbb4IAA","a2rKa00000AX6L5IAL","Cash on Delivery","Initiated","149","2026-03-22T08:30:00.000+0000"
"[Transaction__c]","a2vKa000000OnTJIA0","005Ka000005rLzpIAE","false","TX-00048","USD","2026-04-02T14:23:38.000+0000","005Ka000005rLzpIAE","2026-04-02T14:23:38.000+0000","005Ka000005rLzpIAE","2026-04-02T14:23:38.000+0000","true","false","","","003Ka000042xbb5IAA","a2rKa00000AX6L6IAL","Net Banking","Completed","89.99","2026-03-22T14:50:00.000+0000"
"[Transaction__c]","a2vKa000000OnTLIA0","005Ka000005rLzpIAE","false","TX-00050","USD","2026-04-02T14:23:38.000+0000","005Ka000005rLzpIAE","2026-04-02T14:23:38.000+0000","005Ka000005rLzpIAE","2026-04-02T14:23:38.000+0000","true","false","","","003Ka000042xbatIAA","a2rKa00000AX6L8IAL","UPI","Completed","25","2026-03-24T16:35:00.000+0000"
"[Transaction__c]","a2vKa000000OnTMIA0","005Ka000005rLzpIAE","false","TX-00051","USD","2026-04-02T14:23:38.000+0000","005Ka000005rLzpIAE","2026-04-02T14:23:38.000+0000","005Ka000005rLzpIAE","2026-04-02T14:23:38.000+0000","true","false","","","003Ka000043GpbYIAS","a2rKa00000AX6L9IAL","Net Banking","Authorized","18.99","2026-03-25T10:05:00.000+0000"
"[Transaction__c]","a2vKa000000OnTpIAK","005Ka000005rLzpIAE","false","TX-00080","USD","2026-04-02T14:23:38.000+0000","005Ka000005rLzpIAE","2026-04-02T14:23:38.000+0000","005Ka000005rLzpIAE","2026-04-02T14:23:38.000+0000","true","false","","","003Ka000043GpaVIAS","a2rKa00000AX6LdIAL","Cash on Delivery","Completed","475.98","2026-04-01T05:43:03.000+0000"
"[Transaction__c]","a2vKa000000OnTlIAK","005Ka000005rLzpIAE","false","TX-00076","USD","2026-04-02T14:23:38.000+0000","005Ka000005rLzpIAE","2026-04-02T14:23:38.000+0000","005Ka000005rLzpIAE","2026-04-02T14:23:38.000+0000","true","false","","","003Ka000043GpaWIAS","a2rKa00000AX6LXIA1","Credit/Debit Card","Completed","598","2026-03-30T09:15:19.000+0000"
"[Transaction__c]","a2vKa000000OnTmIAK","005Ka000005rLzpIAE","false","TX-00077","USD","2026-04-02T14:23:38.000+0000","005Ka000005rLzpIAE","2026-04-02T14:23:38.000+0000","005Ka000005rLzpIAE","2026-04-02T14:23:38.000+0000","true","false","","","003Ka000043GpaWIAS","a2rKa00000AX6LYIA1","Credit/Debit Card","Completed","431","2026-03-30T08:28:40.000+0000"
"[Transaction__c]","a2vKa000000OnTnIAK","005Ka000005rLzpIAE","false","TX-00078","USD","2026-04-02T14:23:38.000+0000","005Ka000005rLzpIAE","2026-04-02T14:23:38.000+0000","005Ka000005rLzpIAE","2026-04-02T14:23:38.000+0000","true","false","","","003Ka000043GpQYIA0","a2rKa00000AX6LaIAL","Cash on Delivery","Completed","933.9","2026-04-01T05:39:16.000+0000"
"[Transaction__c]","a2vKa000000OnToIAK","005Ka000005rLzpIAE","false","TX-00079","USD","2026-04-02T14:23:38.000+0000","005Ka000005rLzpIAE","2026-04-02T14:23:38.000+0000","005Ka000005rLzpIAE","2026-04-02T14:23:38.000+0000","true","false","","","003Ka000043GpQYIA0","a2rKa00000AX6LcIAL","Net Banking","Completed","159.98","2026-04-01T05:39:39.000+0000"
"[Transaction__c]","a2vKa000000OnTqIAK","005Ka000005rLzpIAE","false","TX-00081","USD","2026-04-02T14:23:38.000+0000","005Ka000005rLzpIAE","2026-04-02T14:23:38.000+0000","005Ka000005rLzpIAE","2026-04-02T14:23:38.000+0000","true","false","","","003Ka000043GpQYIA0","a2rKa00000AX6LbIAL","Net Banking","Completed","144","2026-04-01T05:40:22.000+0000"
"[Transaction__c]","a2vKa000000OnTrIAK","005Ka000005rLzpIAE","false","TX-00082","USD","2026-04-02T14:23:38.000+0000","005Ka000005rLzpIAE","2026-04-02T14:23:38.000+0000","005Ka000005rLzpIAE","2026-04-02T14:23:38.000+0000","true","false","","","003Ka000043GpQYIA0","a2rKa00000AX6KdIAL","UPI","Completed","379.98","2026-03-30T10:14:53.000+0000"
"[Transaction__c]","a2vKa000000OnTPIA0","005Ka000005rLzpIAE","false","TX-00054","USD","2026-04-02T14:23:38.000+0000","005Ka000005rLzpIAE","2026-04-02T14:23:38.000+0000","005Ka000005rLzpIAE","2026-04-02T14:23:38.000+0000","true","false","","","003Ka000043GpbXIAS","a2rKa00000AX6LCIA1","UPI","Completed","35.98","2026-03-26T14:15:00.000+0000"
"[Transaction__c]","a2vKa000000OnTQIA0","005Ka000005rLzpIAE","false","TX-00055","USD","2026-04-02T14:23:38.000+0000","005Ka000005rLzpIAE","2026-04-02T14:23:38.000+0000","005Ka000005rLzpIAE","2026-04-02T14:23:38.000+0000","true","false","","","003Ka000043GpbZIAS","a2rKa00000AX6LDIA1","Credit/Debit Card","Failed","49.95","2026-03-27T08:00:00.000+0000"
"[Transaction__c]","a2vKa000000OnTSIA0","005Ka000005rLzpIAE","false","TX-00057","USD","2026-04-02T14:23:38.000+0000","005Ka000005rLzpIAE","2026-04-02T14:23:38.000+0000","005Ka000005rLzpIAE","2026-04-02T14:23:38.000+0000","true","false","","","003Ka000043GpbbIAC","a2rKa00000AX6LFIA1","UPI","Completed","70","2026-02-15T12:00:00.000+0000"
"[Transaction__c]","a2vKa000000OnTTIA0","005Ka000005rLzpIAE","false","TX-00058","USD","2026-04-02T14:23:38.000+0000","005Ka000005rLzpIAE","2026-04-02T14:23:38.000+0000","005Ka000005rLzpIAE","2026-04-02T14:23:38.000+0000","true","false","","","003Ka000043GpbcIAC","a2rKa00000AX6LGIA1","Credit/Debit Card","Completed","13","2026-02-16T11:30:00.000+0000"
"[Transaction__c]","a2vKa000000OnTRIA0","005Ka000005rLzpIAE","false","TX-00056","USD","2026-04-02T14:23:38.000+0000","005Ka000005rLzpIAE","2026-04-02T14:23:38.000+0000","005Ka000005rLzpIAE","2026-04-02T14:23:38.000+0000","true","false","","","003Ka000043GpbaIAC","a2rKa00000AX6LEIA1","Net Banking","Completed","24","2026-03-27T10:30:00.000+0000"
"[Transaction__c]","a2vKa000000OnTUIA0","005Ka000005rLzpIAE","false","TX-00059","USD","2026-04-02T14:23:38.000+0000","005Ka000005rLzpIAE","2026-04-02T14:23:38.000+0000","005Ka000005rLzpIAE","2026-04-02T14:23:38.000+0000","true","false","","","003Ka000043GpbdIAC","a2rKa00000AX6LHIA1","UPI","Completed","270","2026-02-17T15:45:00.000+0000"
"[Transaction__c]","a2vKa000000OnTVIA0","005Ka000005rLzpIAE","false","TX-00060","USD","2026-04-02T14:23:38.000+0000","005Ka000005rLzpIAE","2026-04-02T14:23:38.000+0000","005Ka000005rLzpIAE","2026-04-02T14:23:38.000+0000","true","false","","","003Ka000043GpbeIAC","a2rKa00000AX6LIIA1","Net Banking","Authorized","759.96","2026-02-18T09:20:00.000+0000"
"[Transaction__c]","a2vKa000000OnTWIA0","005Ka000005rLzpIAE","false","TX-00061","USD","2026-04-02T14:23:38.000+0000","005Ka000005rLzpIAE","2026-04-02T14:23:38.000+0000","005Ka000005rLzpIAE","2026-04-02T14:23:38.000+0000","true","false","","","003Ka000043GpbfIAC","a2rKa00000AX6LJIA1","Credit/Debit Card","Completed","69.98","2026-02-19T14:10:00.000+0000"
"[Transaction__c]","a2vKa000000OnTXIA0","005Ka000005rLzpIAE","false","TX-00062","USD","2026-04-02T14:23:38.000+0000","005Ka000005rLzpIAE","2026-04-02T14:23:38.000+0000","005Ka000005rLzpIAE","2026-04-02T14:23:38.000+0000","true","false","","","003Ka000043GpbgIAC","a2rKa00000AX6LKIA1","UPI","Refunded","129.99","2026-02-20T10:50:00.000+0000"
"[Transaction__c]","a2vKa000000OnTYIA0","005Ka000005rLzpIAE","false","TX-00063","USD","2026-04-02T14:23:38.000+0000","005Ka000005rLzpIAE","2026-04-02T14:23:38.000+0000","005Ka000005rLzpIAE","2026-04-02T14:23:38.000+0000","true","false","","","003Ka000043GpbhIAC","a2rKa00000AX6LLIA1","Cash on Delivery","Initiated","44.97","2026-02-21T13:00:00.000+0000"
"[Transaction__c]","a2vKa000000OnTbIAK","005Ka000005rLzpIAE","false","TX-00066","USD","2026-04-02T14:23:38.000+0000","005Ka000005rLzpIAE","2026-04-02T14:23:38.000+0000","005Ka000005rLzpIAE","2026-04-02T14:23:38.000+0000","true","false","","","003Ka000042xbavIAA","a2rKa00000AX6LOIA1","Net Banking","Authorized","56","2026-02-24T09:55:00.000+0000"
"[Transaction__c]","a2vKa000000OnTZIA0","005Ka000005rLzpIAE","false","TX-00064","USD","2026-04-02T14:23:38.000+0000","005Ka000005rLzpIAE","2026-04-02T14:23:38.000+0000","005Ka000005rLzpIAE","2026-04-02T14:23:38.000+0000","true","false","","","003Ka000042xbb7IAA","a2rKa00000AX6LMIA1","Credit/Debit Card","Completed","199.9","2026-02-22T11:15:00.000+0000"
"[Transaction__c]","a2vKa000000OnTaIAK","005Ka000005rLzpIAE","false","TX-00065","USD","2026-04-02T14:23:38.000+0000","005Ka000005rLzpIAE","2026-04-02T14:23:38.000+0000","005Ka000005rLzpIAE","2026-04-02T14:23:38.000+0000","true","false","","","003Ka000042xbauIAA","a2rKa00000AX6LNIA1","UPI","Completed","98","2026-02-23T16:40:00.000+0000"
"[Transaction__c]","a2vKa000000OnTcIAK","005Ka000005rLzpIAE","false","TX-00067","USD","2026-04-02T14:23:38.000+0000","005Ka000005rLzpIAE","2026-04-02T14:23:38.000+0000","005Ka000005rLzpIAE","2026-04-02T14:23:38.000+0000","true","false","","","003Ka000042xbb6IAA","a2rKa00000AX6LPIA1","Credit/Debit Card","Completed","759.96","2026-02-25T14:20:00.000+0000"
"[Transaction__c]","a2vKa000000OnU7IAK","005Ka000005rLzpIAE","false","TX-00084","USD","2026-04-03T05:42:19.000+0000","005Ka000005rM9XIAU","2026-04-03T05:43:20.000+0000","005Ka000005rM9XIAU","2026-04-03T05:43:20.000+0000","true","false","","","003Ka000043H6KKIA0","a2rKa00000AX6M5IAL","Cash on Delivery","Refunded","1297.8","2026-04-03T05:42:19.000+0000"
"[Transaction__c]","a2vKa000000OnV9IAK","005Ka000005rLzpIAE","false","TX-00089","USD","2026-04-07T04:30:32.000+0000","005Ka000005rM9XIAU","2026-04-07T04:30:32.000+0000","005Ka000005rM9XIAU","2026-04-07T04:30:32.000+0000","true","false","","","003Ka000043HOTUIA4","a2rKa00000AX6S8IAL","Credit/Debit Card","Completed","1187.94","2026-04-07T04:30:32.000+0000"
"[Transaction__c]","a2vKa000000OnVAIA0","005Ka000005rLzpIAE","false","TX-00090","USD","2026-04-07T04:30:34.000+0000","005Ka000005rM9XIAU","2026-04-07T04:30:34.000+0000","005Ka000005rM9XIAU","2026-04-07T04:30:34.000+0000","true","false","","","003Ka000043HOTUIA4","a2rKa00000AX6S8IAL","Credit/Debit Card","Completed","1187.94","2026-04-07T04:30:34.000+0000"
"[Transaction__c]","a2vKa000000OnUpIAK","005Ka000005rLzpIAE","false","TX-00087","USD","2026-04-05T12:02:21.000+0000","005Ka000005rM9XIAU","2026-04-05T12:02:21.000+0000","005Ka000005rM9XIAU","2026-04-05T12:02:21.000+0000","true","false","","","003Ka000043HOTUIA4","a2rKa00000AX6QqIAL","Cash on Delivery","Completed","189.99","2026-04-05T12:02:21.000+0000"
"[Transaction__c]","a2vKa000000OnU2IAK","005Ka000005rLzpIAE","false","TX-00083","USD","2026-04-03T05:25:08.000+0000","005Ka000005rLzpIAE","2026-04-03T05:42:28.000+0000","005Ka000005rM9XIAU","2026-04-03T05:42:28.000+0000","true","false","","","003Ka000043H6KKIA0","a2rKa00000AX6M0IAL","Cash on Delivery","Refunded","664.96","2026-04-03T05:25:08.000+0000"
"[Transaction__c]","a2vKa000000OnUCIA0","005Ka000005rLzpIAE","false","TX-00085","USD","2026-04-03T06:43:09.000+0000","005Ka000005rLzpIAE","2026-04-03T06:43:09.000+0000","005Ka000005rLzpIAE","2026-04-03T06:43:09.000+0000","true","false","","","003Ka000043H6fcIAC","a2rKa00000AX6MAIA1","Net Banking","Completed","472.49","2026-04-03T06:43:09.000+0000"